,time_stats.send_recv.min,time_stats.send_recv.max,time_stats.send_recv.mean,time_stats.send_recv.median,time_stats.send_recv.std,rank,num_workers,size,collective,devices_per_node,max_devices_per_node
0,0.005,0.005,0.005,0.005,0.0,0,2,2048,send_recv,2,8
1,0.006,0.006,0.006000000000000001,0.006,8.673617379884035e-19,0,2,10240,send_recv,2,8
2,0.009000000000000001,0.01,0.009666666666666667,0.01,0.00047140452079103126,0,2,18432,send_recv,2,8
3,0.01,0.011,0.010666666666666666,0.011,0.00047140452079103126,0,2,26624,send_recv,2,8
4,0.011,0.011,0.011000000000000001,0.011,1.734723475976807e-18,0,2,34816,send_recv,2,8
5,0.013000000000000001,0.014,0.013333333333333336,0.013000000000000001,0.00047140452079103126,0,2,43008,send_recv,2,8
6,0.014,0.015,0.014666666666666666,0.015,0.00047140452079103126,0,2,51200,send_recv,2,8
7,0.016,0.016,0.016,0.016,0.0,0,2,59392,send_recv,2,8
8,0.016,0.018000000000000002,0.017333333333333336,0.018000000000000002,0.0009428090415820641,0,2,67584,send_recv,2,8
9,0.019,0.02,0.01933333333333333,0.019,0.00047140452079103207,0,2,75776,send_recv,2,8
10,0.021,0.021,0.021,0.021,0.0,0,2,83968,send_recv,2,8
11,0.02,0.022,0.021333333333333333,0.022,0.0009428090415820625,0,2,92160,send_recv,2,8
12,0.022,0.022,0.022000000000000002,0.022,3.469446951953614e-18,0,2,100352,send_recv,2,8
13,0.022,0.025,0.02366666666666667,0.024,0.0012472191289246482,0,2,108544,send_recv,2,8
14,0.027,0.028,0.027333333333333334,0.027,0.00047140452079103207,0,2,116736,send_recv,2,8
15,0.025,0.027,0.026000000000000006,0.026000000000000002,0.0008164965809277253,0,2,124928,send_recv,2,8
16,0.027,0.035,0.030666666666666665,0.03,0.0032998316455372235,0,2,133120,send_recv,2,8
17,0.03,0.037,0.033,0.032,0.002943920288775948,0,2,141312,send_recv,2,8
18,0.032,0.034,0.03333333333333333,0.034,0.0009428090415820641,0,2,149504,send_recv,2,8
19,0.033,0.04,0.036000000000000004,0.035,0.002943920288775948,0,2,157696,send_recv,2,8
20,0.032,0.035,0.034,0.035,0.0014142135623730965,0,2,165888,send_recv,2,8
21,0.032,0.041,0.036000000000000004,0.035,0.0037416573867739417,0,2,174080,send_recv,2,8
22,0.035,0.037,0.036333333333333336,0.037,0.000942809041582061,0,2,182272,send_recv,2,8
23,0.037,0.047,0.04066666666666666,0.038,0.0044969125210773475,0,2,190464,send_recv,2,8
24,0.038,0.044,0.041666666666666664,0.043000000000000003,0.0026246692913372708,0,2,198656,send_recv,2,8
25,0.038,0.04,0.039,0.039,0.0008164965809277268,0,2,206848,send_recv,2,8
26,0.038,0.043000000000000003,0.041,0.042,0.0021602468994692888,0,2,215040,send_recv,2,8
27,0.041,0.044,0.042333333333333334,0.042,0.0012472191289246452,0,2,223232,send_recv,2,8
28,0.041,0.051000000000000004,0.04700000000000001,0.049,0.004320493798938574,0,2,231424,send_recv,2,8
29,0.044,0.053,0.04833333333333333,0.048,0.0036817870057290875,0,2,239616,send_recv,2,8
30,0.043000000000000003,0.052000000000000005,0.04666666666666667,0.045,0.0038586123009300764,0,2,247808,send_recv,2,8
31,0.051000000000000004,0.052000000000000005,0.05166666666666667,0.052000000000000005,0.00047140452079103207,0,2,256000,send_recv,2,8
32,0.05,0.061,0.05533333333333334,0.055,0.004496912521077346,0,2,264192,send_recv,2,8
33,0.054,0.065,0.06,0.061,0.004546060565661953,0,2,272384,send_recv,2,8
34,0.055,0.06,0.057333333333333326,0.057,0.0020548046676563242,0,2,280576,send_recv,2,8
35,0.052000000000000005,0.067,0.05833333333333334,0.056,0.0063420991968134825,0,2,288768,send_recv,2,8
36,0.06,0.066,0.06366666666666666,0.065,0.002624669291337273,0,2,296960,send_recv,2,8
37,0.057,0.067,0.061,0.059000000000000004,0.004320493798938574,0,2,305152,send_recv,2,8
38,0.064,0.07100000000000001,0.06666666666666667,0.065,0.0030912061651652374,0,2,313344,send_recv,2,8
39,0.065,0.066,0.06566666666666666,0.066,0.00047140452079103207,0,2,321536,send_recv,2,8
40,0.066,0.068,0.06733333333333334,0.068,0.0009428090415820641,0,2,329728,send_recv,2,8
41,0.064,0.068,0.06566666666666666,0.065,0.0016996731711975965,0,2,337920,send_recv,2,8
42,0.068,0.07,0.069,0.069,0.0008164965809277268,0,2,346112,send_recv,2,8
43,0.067,0.07100000000000001,0.06866666666666667,0.068,0.0016996731711975965,0,2,354304,send_recv,2,8
44,0.068,0.07,0.06866666666666667,0.068,0.0009428090415820641,0,2,362496,send_recv,2,8
45,0.07,0.07100000000000001,0.07033333333333334,0.07,0.00047140452079103207,0,2,370688,send_recv,2,8
46,0.075,0.078,0.076,0.075,0.0014142135623730965,0,2,378880,send_recv,2,8
47,0.077,0.079,0.07833333333333332,0.079,0.0009428090415820641,0,2,387072,send_recv,2,8
48,0.077,0.083,0.08033333333333333,0.081,0.0024944382578492965,0,2,395264,send_recv,2,8
49,0.082,0.088,0.08466666666666667,0.084,0.0024944382578492904,0,2,403456,send_recv,2,8
50,0.077,0.081,0.07866666666666666,0.078,0.0016996731711975965,0,2,411648,send_recv,2,8
51,0.083,0.088,0.08533333333333333,0.085,0.002054804667656321,0,2,419840,send_recv,2,8
52,0.079,0.088,0.085,0.088,0.004242640687119282,0,2,428032,send_recv,2,8
53,0.083,0.095,0.08933333333333333,0.09,0.004921607686744465,0,2,436224,send_recv,2,8
54,0.084,0.092,0.08700000000000001,0.085,0.003559026084010434,0,2,444416,send_recv,2,8
55,0.089,0.09,0.08933333333333333,0.089,0.00047140452079103207,0,2,452608,send_recv,2,8
56,0.091,0.096,0.09366666666666668,0.094,0.0020548046676563273,0,2,460800,send_recv,2,8
57,0.094,0.099,0.09666666666666668,0.097,0.0020548046676563273,0,2,468992,send_recv,2,8
58,0.093,0.098,0.09500000000000001,0.094,0.0021602468994692888,0,2,477184,send_recv,2,8
59,0.097,0.101,0.09866666666666668,0.098,0.0016996731711975963,0,2,485376,send_recv,2,8
60,0.095,0.111,0.10066666666666667,0.096,0.007318166133366716,0,2,493568,send_recv,2,8
61,0.098,0.107,0.102,0.101,0.0037416573867739386,0,2,501760,send_recv,2,8
62,0.107,0.111,0.109,0.109,0.0016329931618554536,0,2,509952,send_recv,2,8
63,0.108,0.113,0.11066666666666668,0.111,0.0020548046676563273,0,2,518144,send_recv,2,8
64,0.105,0.112,0.10833333333333334,0.108,0.002867441755680878,0,2,526336,send_recv,2,8
65,0.106,0.109,0.10766666666666667,0.108,0.0012472191289246482,0,2,534528,send_recv,2,8
66,0.10300000000000001,0.11,0.10666666666666667,0.107,0.002867441755680872,0,2,542720,send_recv,2,8
67,0.111,0.114,0.112,0.111,0.0014142135623730965,0,2,550912,send_recv,2,8
68,0.108,0.114,0.11033333333333334,0.109,0.002624669291337273,0,2,559104,send_recv,2,8
69,0.113,0.117,0.115,0.115,0.0016329931618554536,0,2,567296,send_recv,2,8
70,0.115,0.12,0.11766666666666666,0.11800000000000001,0.002054804667656322,0,2,575488,send_recv,2,8
71,0.11800000000000001,0.124,0.121,0.121,0.002449489742783175,0,2,583680,send_recv,2,8
72,0.121,0.128,0.12466666666666666,0.125,0.002867441755680878,0,2,591872,send_recv,2,8
73,0.11900000000000001,0.122,0.12033333333333333,0.12,0.0012472191289246432,0,2,600064,send_recv,2,8
74,0.122,0.123,0.12266666666666666,0.123,0.00047140452079103207,0,2,608256,send_recv,2,8
75,0.12,0.125,0.12266666666666666,0.123,0.0020548046676563273,0,2,616448,send_recv,2,8
76,0.126,0.13,0.12766666666666668,0.127,0.0016996731711975965,0,2,624640,send_recv,2,8
77,0.127,0.132,0.13,0.131,0.0021602468994692888,0,2,632832,send_recv,2,8
78,0.134,0.14,0.13633333333333333,0.135,0.002624669291337273,0,2,641024,send_recv,2,8
79,0.131,0.135,0.133,0.133,0.0016329931618554536,0,2,649216,send_recv,2,8
80,0.128,0.138,0.13433333333333333,0.137,0.004496912521077351,0,2,657408,send_recv,2,8
81,0.14,0.14300000000000002,0.14100000000000001,0.14,0.0014142135623730963,0,2,665600,send_recv,2,8
82,0.136,0.14200000000000002,0.139,0.139,0.00244948974278318,0,2,673792,send_recv,2,8
83,0.138,0.145,0.1416666666666667,0.14200000000000002,0.0028674417556808674,0,2,681984,send_recv,2,8
84,0.136,0.14100000000000001,0.139,0.14,0.0021602468994692888,0,2,690176,send_recv,2,8
85,0.137,0.14,0.1386666666666667,0.139,0.0012472191289246482,0,2,698368,send_recv,2,8
86,0.14,0.145,0.14233333333333334,0.14200000000000002,0.002054804667656315,0,2,706560,send_recv,2,8
87,0.147,0.15,0.14833333333333332,0.148,0.0012472191289246482,0,2,714752,send_recv,2,8
88,0.148,0.152,0.15033333333333332,0.151,0.0016996731711975965,0,2,722944,send_recv,2,8
89,0.146,0.16,0.152,0.15,0.005887840577551903,0,2,731136,send_recv,2,8
90,0.156,0.16,0.15733333333333333,0.156,0.0018856180831641283,0,2,739328,send_recv,2,8
91,0.147,0.15,0.148,0.147,0.0014142135623730963,0,2,747520,send_recv,2,8
92,0.151,0.158,0.15433333333333332,0.154,0.002867441755680878,0,2,755712,send_recv,2,8
93,0.157,0.161,0.15966666666666665,0.161,0.0018856180831641283,0,2,763904,send_recv,2,8
94,0.155,0.166,0.162,0.165,0.004966554808583784,0,2,772096,send_recv,2,8
95,0.161,0.165,0.163,0.163,0.0016329931618554536,0,2,780288,send_recv,2,8
96,0.164,0.178,0.17033333333333334,0.169,0.005792715732327582,0,2,788480,send_recv,2,8
97,0.167,0.171,0.16933333333333334,0.17,0.0016996731711975965,0,2,796672,send_recv,2,8
98,0.166,0.179,0.17366666666666666,0.176,0.005557777333511015,0,2,804864,send_recv,2,8
99,0.165,0.17400000000000002,0.17066666666666666,0.17300000000000001,0.004027681991198194,0,2,813056,send_recv,2,8
100,0.167,0.176,0.17066666666666666,0.169,0.0038586123009300656,0,2,821248,send_recv,2,8
101,0.169,0.17400000000000002,0.17200000000000001,0.17300000000000001,0.0021602468994692888,0,2,829440,send_recv,2,8
102,0.17,0.17500000000000002,0.17333333333333334,0.17500000000000002,0.0023570226039551605,0,2,837632,send_recv,2,8
103,0.17500000000000002,0.179,0.17733333333333334,0.178,0.0016996731711975837,0,2,845824,send_recv,2,8
104,0.182,0.185,0.18400000000000002,0.185,0.0014142135623730963,0,2,854016,send_recv,2,8
105,0.186,0.189,0.18733333333333335,0.187,0.0012472191289246482,0,2,862208,send_recv,2,8
106,0.181,0.184,0.18299999999999997,0.184,0.0014142135623730963,0,2,870400,send_recv,2,8
107,0.184,0.188,0.18633333333333332,0.187,0.0016996731711975965,0,2,878592,send_recv,2,8
108,0.183,0.196,0.18833333333333332,0.186,0.005557777333511027,0,2,886784,send_recv,2,8
109,0.18,0.197,0.19066666666666668,0.195,0.007586537784494035,0,2,894976,send_recv,2,8
110,0.192,0.196,0.19366666666666665,0.193,0.0016996731711975965,0,2,903168,send_recv,2,8
111,0.187,0.198,0.19433333333333333,0.198,0.005185449728701353,0,2,911360,send_recv,2,8
112,0.198,0.198,0.19800000000000004,0.198,2.7755575615628914e-17,0,2,919552,send_recv,2,8
113,0.194,0.198,0.19600000000000004,0.196,0.0016329931618554536,0,2,927744,send_recv,2,8
114,0.196,0.20600000000000002,0.19966666666666666,0.197,0.004496912521077351,0,2,935936,send_recv,2,8
115,0.192,0.201,0.19733333333333336,0.199,0.0038586123009300786,0,2,944128,send_recv,2,8
116,0.198,0.20400000000000001,0.2006666666666667,0.2,0.0024944382578492965,0,2,952320,send_recv,2,8
117,0.197,0.209,0.20133333333333336,0.198,0.005436502143433356,0,2,960512,send_recv,2,8
118,0.202,0.209,0.20433333333333334,0.202,0.0032998316455372114,0,2,968704,send_recv,2,8
119,0.199,0.213,0.20433333333333334,0.201,0.006182412330330462,0,2,976896,send_recv,2,8
120,0.198,0.20800000000000002,0.20299999999999999,0.203,0.004082482904638634,0,2,985088,send_recv,2,8
121,0.20800000000000002,0.215,0.21133333333333335,0.211,0.0028674417556808674,0,2,993280,send_recv,2,8
122,0.202,0.213,0.207,0.20600000000000002,0.004546060565661944,0,2,1001472,send_recv,2,8
123,0.209,0.216,0.21133333333333335,0.209,0.003299831645537225,0,2,1009664,send_recv,2,8
124,0.21,0.218,0.214,0.214,0.0032659863237109073,0,2,1017856,send_recv,2,8
125,0.216,0.223,0.21866666666666668,0.217,0.0030912061651652374,0,2,1026048,send_recv,2,8
126,0.221,0.222,0.22133333333333335,0.221,0.00047140452079103207,0,2,1034240,send_recv,2,8
127,0.217,0.224,0.22133333333333335,0.223,0.0030912061651652374,0,2,1042432,send_recv,2,8
128,0.217,0.227,0.222,0.222,0.004082482904638634,0,2,1048576,send_recv,2,8
129,0.218,0.228,0.223,0.223,0.004082482904638634,0,2,1081344,send_recv,2,8
130,0.224,0.234,0.228,0.226,0.0043204937989385775,0,2,1114112,send_recv,2,8
131,0.24,0.244,0.24166666666666667,0.241,0.0016996731711975965,0,2,1146880,send_recv,2,8
132,0.241,0.248,0.24466666666666667,0.245,0.002867441755680878,0,2,1179648,send_recv,2,8
133,0.243,0.253,0.24833333333333332,0.249,0.0041096093353126546,0,2,1212416,send_recv,2,8
134,0.256,0.257,0.25633333333333336,0.256,0.00047140452079103207,0,2,1245184,send_recv,2,8
135,0.266,0.271,0.26833333333333337,0.268,0.0020548046676563273,0,2,1277952,send_recv,2,8
136,0.274,0.28,0.27666666666666667,0.276,0.0024944382578492965,0,2,1310720,send_recv,2,8
137,0.273,0.279,0.277,0.279,0.002828427124746193,0,2,1343488,send_recv,2,8
138,0.281,0.29,0.286,0.28700000000000003,0.003741657386773925,0,2,1376256,send_recv,2,8
139,0.296,0.301,0.29833333333333334,0.298,0.0020548046676563273,0,2,1409024,send_recv,2,8
140,0.296,0.304,0.30066666666666664,0.302,0.003399346342395193,0,2,1441792,send_recv,2,8
141,0.308,0.31,0.3093333333333333,0.31,0.0009428090415820641,0,2,1474560,send_recv,2,8
142,0.312,0.318,0.316,0.318,0.0028284271247461927,0,2,1507328,send_recv,2,8
143,0.317,0.328,0.32266666666666666,0.323,0.004496912521077351,0,2,1540096,send_recv,2,8
144,0.326,0.333,0.33033333333333337,0.332,0.0030912061651652374,0,2,1572864,send_recv,2,8
145,0.333,0.338,0.3353333333333333,0.335,0.0020548046676563273,0,2,1605632,send_recv,2,8
146,0.335,0.354,0.34500000000000003,0.34600000000000003,0.007788880963698601,0,2,1638400,send_recv,2,8
147,0.34400000000000003,0.356,0.3506666666666667,0.352,0.004988876515698569,0,2,1671168,send_recv,2,8
148,0.35000000000000003,0.359,0.35600000000000004,0.359,0.004242640687119263,0,2,1703936,send_recv,2,8
149,0.362,0.37,0.36633333333333334,0.367,0.003299831645537225,0,2,1736704,send_recv,2,8
150,0.37,0.375,0.37200000000000005,0.371,0.0021602468994692888,0,2,1769472,send_recv,2,8
151,0.377,0.379,0.37799999999999995,0.378,0.0008164965809277268,0,2,1802240,send_recv,2,8
152,0.385,0.39,0.387,0.386,0.0021602468994692888,0,2,1835008,send_recv,2,8
153,0.387,0.4,0.39333333333333337,0.393,0.005312459150169748,0,2,1867776,send_recv,2,8
154,0.399,0.41400000000000003,0.405,0.402,0.006480740698407866,0,2,1900544,send_recv,2,8
155,0.41200000000000003,0.41500000000000004,0.4133333333333334,0.41300000000000003,0.0012472191289246482,0,2,1933312,send_recv,2,8
156,0.41400000000000003,0.42,0.417,0.417,0.0024494897427831575,0,2,1966080,send_recv,2,8
157,0.41600000000000004,0.428,0.42166666666666663,0.421,0.00492160768674445,0,2,1998848,send_recv,2,8
158,0.425,0.43,0.4283333333333333,0.43,0.0023570226039551605,0,2,2031616,send_recv,2,8
159,0.435,0.449,0.443,0.445,0.005887840577551903,0,2,2064384,send_recv,2,8
160,0.445,0.452,0.44766666666666666,0.446,0.0030912061651652374,0,2,2097152,send_recv,2,8
161,0.444,0.452,0.44733333333333336,0.446,0.003399346342395193,0,2,2129920,send_recv,2,8
162,0.46,0.467,0.4626666666666667,0.461,0.0030912061651652374,0,2,2162688,send_recv,2,8
163,0.457,0.47000000000000003,0.4643333333333333,0.466,0.005436502143433369,0,2,2195456,send_recv,2,8
164,0.466,0.47200000000000003,0.4693333333333334,0.47000000000000003,0.0024944382578492965,0,2,2228224,send_recv,2,8
165,0.47200000000000003,0.482,0.47700000000000004,0.47700000000000004,0.0040824829046386115,0,2,2260992,send_recv,2,8
166,0.47500000000000003,0.492,0.48333333333333334,0.483,0.006944222218666536,0,2,2293760,send_recv,2,8
167,0.487,0.5,0.49366666666666664,0.494,0.005312459150169747,0,2,2326528,send_recv,2,8
168,0.499,0.513,0.5056666666666666,0.505,0.005734883511361756,0,2,2359296,send_recv,2,8
169,0.502,0.513,0.5066666666666667,0.505,0.004642796092394711,0,2,2392064,send_recv,2,8
170,0.509,0.515,0.5116666666666667,0.511,0.0024944382578492965,0,2,2424832,send_recv,2,8
171,0.519,0.527,0.523,0.523,0.0032659863237109073,0,2,2457600,send_recv,2,8
172,0.515,0.529,0.52,0.516,0.00637704215656967,0,2,2490368,send_recv,2,8
173,0.534,0.539,0.5373333333333333,0.539,0.0023570226039551605,0,2,2523136,send_recv,2,8
174,0.528,0.537,0.532,0.531,0.003741657386773945,0,2,2555904,send_recv,2,8
175,0.547,0.554,0.5503333333333333,0.55,0.002867441755680878,0,2,2588672,send_recv,2,8
176,0.555,0.5630000000000001,0.5583333333333335,0.557,0.003399346342395193,0,2,2621440,send_recv,2,8
177,0.557,0.561,0.5596666666666668,0.561,0.0018856180831641283,0,2,2654208,send_recv,2,8
178,0.557,0.5760000000000001,0.5696666666666667,0.5760000000000001,0.00895668589502961,0,2,2686976,send_recv,2,8
179,0.5690000000000001,0.584,0.5766666666666667,0.577,0.006128258770283371,0,2,2719744,send_recv,2,8
180,0.583,0.588,0.5856666666666667,0.586,0.0020548046676563273,0,2,2752512,send_recv,2,8
181,0.589,0.601,0.5946666666666666,0.594,0.004921607686744472,0,2,2785280,send_recv,2,8
182,0.596,0.601,0.5986666666666666,0.599,0.0020548046676563273,0,2,2818048,send_recv,2,8
183,0.61,0.618,0.6149999999999999,0.617,0.0035590260840104404,0,2,2850816,send_recv,2,8
184,0.611,0.63,0.6176666666666666,0.612,0.008730533902472538,0,2,2883584,send_recv,2,8
185,0.603,0.62,0.6123333333333333,0.614,0.007039570693980965,0,2,2916352,send_recv,2,8
186,0.611,0.62,0.6166666666666666,0.619,0.004027681991198194,0,2,2949120,send_recv,2,8
187,0.618,0.636,0.6283333333333333,0.631,0.007586537784494035,0,2,2981888,send_recv,2,8
188,0.631,0.644,0.639,0.642,0.005715476066494088,0,2,3014656,send_recv,2,8
189,0.634,0.646,0.6396666666666667,0.639,0.004921607686744471,0,2,3047424,send_recv,2,8
190,0.654,0.659,0.6563333333333334,0.656,0.0020548046676563273,0,2,3080192,send_recv,2,8
191,0.653,0.658,0.6553333333333334,0.655,0.0020548046676563273,0,2,3112960,send_recv,2,8
192,0.658,0.662,0.66,0.66,0.0016329931618554536,0,2,3145728,send_recv,2,8
193,0.659,0.67,0.6643333333333333,0.664,0.004496912521077351,0,2,3178496,send_recv,2,8
194,0.667,0.677,0.672,0.672,0.004082482904638634,0,2,3211264,send_recv,2,8
195,0.687,0.7020000000000001,0.6946666666666669,0.6950000000000001,0.006128258770283417,0,2,3244032,send_recv,2,8
196,0.6940000000000001,0.706,0.7003333333333334,0.7010000000000001,0.004921607686744429,0,2,3276800,send_recv,2,8
197,0.7000000000000001,0.708,0.7046666666666667,0.706,0.003399346342395142,0,2,3309568,send_recv,2,8
198,0.711,0.718,0.7136666666666667,0.712,0.0030912061651652374,0,2,3342336,send_recv,2,8
199,0.715,0.722,0.7186666666666666,0.719,0.002867441755680878,0,2,3375104,send_recv,2,8
200,0.709,0.734,0.7243333333333334,0.73,0.010964589468932362,0,2,3407872,send_recv,2,8
201,0.714,0.728,0.722,0.724,0.005887840577551903,0,2,3440640,send_recv,2,8
202,0.725,0.736,0.7313333333333333,0.733,0.004642796092394711,0,2,3473408,send_recv,2,8
203,0.733,0.738,0.7360000000000001,0.737,0.0021602468994692888,0,2,3506176,send_recv,2,8
204,0.744,0.755,0.7493333333333333,0.749,0.004496912521077351,0,2,3538944,send_recv,2,8
205,0.754,0.759,0.7563333333333334,0.756,0.0020548046676563273,0,2,3571712,send_recv,2,8
206,0.753,0.769,0.762,0.764,0.006683312551921146,0,2,3604480,send_recv,2,8
207,0.764,0.786,0.7756666666666666,0.777,0.009030811456096053,0,2,3637248,send_recv,2,8
208,0.775,0.78,0.7776666666666667,0.778,0.0020548046676563273,0,2,3670016,send_recv,2,8
209,0.789,0.79,0.7893333333333334,0.789,0.00047140452079103207,0,2,3702784,send_recv,2,8
210,0.778,0.807,0.7903333333333333,0.786,0.012229290885229439,0,2,3735552,send_recv,2,8
211,0.789,0.794,0.7906666666666667,0.789,0.0023570226039551605,0,2,3768320,send_recv,2,8
212,0.801,0.811,0.807,0.809,0.0043204937989385775,0,2,3801088,send_recv,2,8
213,0.795,0.8200000000000001,0.8066666666666666,0.805,0.010274023338281637,0,2,3833856,send_recv,2,8
214,0.81,0.8230000000000001,0.8160000000000002,0.8150000000000001,0.005354126134736342,0,2,3866624,send_recv,2,8
215,0.812,0.8310000000000001,0.8210000000000001,0.8200000000000001,0.0077888809636986215,0,2,3899392,send_recv,2,8
216,0.8140000000000001,0.8210000000000001,0.8176666666666668,0.8180000000000001,0.002867441755680878,0,2,3932160,send_recv,2,8
217,0.8200000000000001,0.843,0.8310000000000001,0.8300000000000001,0.00941629792788365,0,2,3964928,send_recv,2,8
218,0.8280000000000001,0.855,0.8403333333333333,0.838,0.011145502331533629,0,2,3997696,send_recv,2,8
219,0.839,0.855,0.8456666666666667,0.843,0.006798692684790385,0,2,4030464,send_recv,2,8
220,0.852,0.862,0.8576666666666667,0.859,0.004189935029992182,0,2,4063232,send_recv,2,8
221,0.877,0.879,0.8776666666666667,0.877,0.0009428090415820641,0,2,4096000,send_recv,2,8
222,0.866,0.878,0.8716666666666667,0.871,0.004921607686744471,0,2,4128768,send_recv,2,8
223,0.876,0.879,0.8769999999999999,0.876,0.0014142135623730961,0,2,4161536,send_recv,2,8
224,0.882,0.89,0.8850000000000001,0.883,0.0035590260840104404,0,2,4194304,send_recv,2,8
225,0.866,0.886,0.8756666666666667,0.875,0.008178562764256872,0,2,4227072,send_recv,2,8
226,0.881,0.891,0.8856666666666667,0.885,0.0041096093353126546,0,2,4259840,send_recv,2,8
227,0.879,0.884,0.8816666666666667,0.882,0.0020548046676563273,0,2,4292608,send_recv,2,8
228,0.881,0.893,0.8883333333333333,0.891,0.005249338582674546,0,2,4325376,send_recv,2,8
229,0.895,0.9,0.8969999999999999,0.896,0.0021602468994692888,0,2,4358144,send_recv,2,8
230,0.89,0.914,0.8996666666666667,0.895,0.010338708279513891,0,2,4390912,send_recv,2,8
231,0.907,0.933,0.9173333333333334,0.912,0.011264496832477211,0,2,4423680,send_recv,2,8
232,0.917,0.922,0.9203333333333333,0.922,0.0023570226039551605,0,2,4456448,send_recv,2,8
233,0.922,0.932,0.9256666666666667,0.923,0.004496912521077351,0,2,4489216,send_recv,2,8
234,0.922,0.929,0.9266666666666667,0.929,0.003299831645537225,0,2,4521984,send_recv,2,8
235,0.937,0.9420000000000001,0.9386666666666666,0.937,0.0023570226039551605,0,2,4554752,send_recv,2,8
236,0.9420000000000001,0.9500000000000001,0.9453333333333335,0.9440000000000001,0.0033993463423951926,0,2,4587520,send_recv,2,8
237,0.9410000000000001,0.961,0.9486666666666667,0.9440000000000001,0.008806563209081894,0,2,4620288,send_recv,2,8
238,0.9500000000000001,0.9580000000000001,0.9550000000000001,0.9570000000000001,0.0035590260840104404,0,2,4653056,send_recv,2,8
239,0.9450000000000001,0.96,0.9543333333333334,0.9580000000000001,0.0066499791144199755,0,2,4685824,send_recv,2,8
240,0.97,0.978,0.9746666666666667,0.976,0.003399346342395193,0,2,4718592,send_recv,2,8
241,0.974,1.0,0.987,0.987,0.010614455552060448,0,2,4751360,send_recv,2,8
242,0.983,1.0050000000000001,0.9906666666666668,0.984,0.010143416036468688,0,2,4784128,send_recv,2,8
243,0.979,1.008,0.9956666666666667,1.0,0.012229290885229439,0,2,4816896,send_recv,2,8
244,0.998,1.01,1.0036666666666667,1.0030000000000001,0.004921607686744467,0,2,4849664,send_recv,2,8
245,0.998,1.012,1.004,1.002,0.005887840577551903,0,2,4882432,send_recv,2,8
246,1.012,1.0170000000000001,1.0146666666666666,1.0150000000000001,0.0020548046676563754,0,2,4915200,send_recv,2,8
247,1.024,1.042,1.032,1.03,0.007483314773547889,0,2,4947968,send_recv,2,8
248,1.0150000000000001,1.033,1.026,1.03,0.007874007874011733,0,2,4980736,send_recv,2,8
249,1.031,1.054,1.0406666666666666,1.037,0.009741092797468365,0,2,5013504,send_recv,2,8
250,1.044,1.059,1.051,1.05,0.006164414002968934,0,2,5046272,send_recv,2,8
251,1.035,1.07,1.058,1.069,0.016268579122549948,0,2,5079040,send_recv,2,8
252,1.052,1.079,1.069,1.076,0.012083045973594551,0,2,5111808,send_recv,2,8
253,1.047,1.059,1.0523333333333333,1.051,0.004988876515698593,0,2,5144576,send_recv,2,8
254,1.047,1.072,1.0613333333333335,1.065,0.010530379332620923,0,2,5177344,send_recv,2,8
255,1.05,1.095,1.078,1.089,0.01994993734325997,0,2,5210112,send_recv,2,8
256,1.066,1.093,1.0806666666666667,1.083,0.01114550233153362,0,2,5242880,send_recv,2,8
257,1.075,1.096,1.0866666666666667,1.089,0.008730533902472578,0,2,5275648,send_recv,2,8
258,1.091,1.12,1.102,1.095,0.012832251036613502,0,2,5308416,send_recv,2,8
259,1.087,1.112,1.0999999999999999,1.101,0.010230672835481923,0,2,5341184,send_recv,2,8
260,1.107,1.119,1.1116666666666666,1.109,0.005249338582674546,0,2,5373952,send_recv,2,8
261,1.102,1.122,1.11,1.106,0.008640987597877155,0,2,5406720,send_recv,2,8
262,1.091,1.137,1.1206666666666667,1.1340000000000001,0.021013223349966022,0,2,5439488,send_recv,2,8
263,1.104,1.1320000000000001,1.1210000000000002,1.127,0.012192894105447914,0,2,5472256,send_recv,2,8
264,1.109,1.1420000000000001,1.1290000000000002,1.1360000000000001,0.01435270009440739,0,2,5505024,send_recv,2,8
265,1.1300000000000001,1.1420000000000001,1.1360000000000001,1.1360000000000001,0.00489897948556636,0,2,5537792,send_recv,2,8
266,1.149,1.159,1.1546666666666665,1.156,0.00418993502999217,0,2,5570560,send_recv,2,8
267,1.158,1.163,1.16,1.159,0.002160246899469323,0,2,5603328,send_recv,2,8
268,1.139,1.181,1.1536666666666668,1.141,0.019344824171395894,0,2,5636096,send_recv,2,8
269,1.1480000000000001,1.176,1.1616666666666666,1.161,0.011440668201153595,0,2,5668864,send_recv,2,8
270,1.172,1.19,1.1796666666666666,1.177,0.007586537784494022,0,2,5701632,send_recv,2,8
271,1.174,1.185,1.1786666666666668,1.177,0.0046427960923947475,0,2,5734400,send_recv,2,8
272,1.177,1.205,1.1943333333333335,1.201,0.01236482466066095,0,2,5767168,send_recv,2,8
273,1.202,1.21,1.2063333333333333,1.207,0.003299831645537232,0,2,5799936,send_recv,2,8
274,1.18,1.217,1.2026666666666668,1.211,0.01621384867602048,0,2,5832704,send_recv,2,8
275,1.195,1.215,1.2043333333333335,1.203,0.008219218670625309,0,2,5865472,send_recv,2,8
276,1.201,1.22,1.211,1.212,0.007788880963698575,0,2,5898240,send_recv,2,8
277,1.208,1.222,1.2173333333333334,1.222,0.00659966329107445,0,2,5931008,send_recv,2,8
278,1.227,1.234,1.2306666666666668,1.231,0.002867441755680835,0,2,5963776,send_recv,2,8
279,1.234,1.248,1.2393333333333334,1.236,0.006182412330330475,0,2,5996544,send_recv,2,8
280,1.234,1.242,1.2373333333333332,1.236,0.003399346342395193,0,2,6029312,send_recv,2,8
281,1.242,1.2570000000000001,1.2513333333333334,1.2550000000000001,0.006649979114420059,0,2,6062080,send_recv,2,8
282,1.248,1.2770000000000001,1.2593333333333334,1.2530000000000001,0.01265789169736506,0,2,6094848,send_recv,2,8
283,1.266,1.2730000000000001,1.2683333333333333,1.266,0.003299831645537277,0,2,6127616,send_recv,2,8
284,1.264,1.278,1.2713333333333334,1.272,0.005734883511361756,0,2,6160384,send_recv,2,8
285,1.2690000000000001,1.28,1.2746666666666668,1.2750000000000001,0.004496912521077307,0,2,6193152,send_recv,2,8
286,1.288,1.295,1.2903333333333336,1.288,0.003299831645537173,0,2,6225920,send_recv,2,8
287,1.28,1.297,1.2873333333333334,1.285,0.007133644853010867,0,2,6258688,send_recv,2,8
288,1.285,1.313,1.303,1.311,0.012754084313139338,0,2,6291456,send_recv,2,8
289,1.292,1.325,1.3063333333333331,1.302,0.0138162545173751,0,2,6324224,send_recv,2,8
290,1.313,1.324,1.3173333333333332,1.315,0.004784233364802497,0,2,6356992,send_recv,2,8
291,1.296,1.327,1.3156666666666668,1.324,0.0139602610609146,0,2,6389760,send_recv,2,8
292,1.305,1.345,1.3286666666666667,1.336,0.01713346303452856,0,2,6422528,send_recv,2,8
293,1.307,1.338,1.326,1.333,0.013589211407093052,0,2,6455296,send_recv,2,8
294,1.326,1.348,1.3376666666666666,1.339,0.009030811456096046,0,2,6488064,send_recv,2,8
295,1.344,1.359,1.350666666666667,1.349,0.006236095644623202,0,2,6520832,send_recv,2,8
296,1.323,1.344,1.335,1.338,0.008831760866327905,0,2,6553600,send_recv,2,8
297,1.356,1.364,1.3596666666666666,1.359,0.003299831645537232,0,2,6586368,send_recv,2,8
298,1.357,1.369,1.3630000000000002,1.363,0.00489897948556636,0,2,6619136,send_recv,2,8
299,1.365,1.375,1.3693333333333335,1.368,0.00418993502999217,0,2,6651904,send_recv,2,8
300,1.372,1.409,1.3876666666666668,1.3820000000000001,0.015627610892974687,0,2,6684672,send_recv,2,8
301,1.3760000000000001,1.3820000000000001,1.3793333333333335,1.3800000000000001,0.0024944382578492965,0,2,6717440,send_recv,2,8
302,1.3780000000000001,1.403,1.3916666666666668,1.3940000000000001,0.01033870827951385,0,2,6750208,send_recv,2,8
303,1.3960000000000001,1.403,1.399,1.3980000000000001,0.0029439202887759012,0,2,6782976,send_recv,2,8
304,1.412,1.423,1.4176666666666666,1.418,0.004496912521077395,0,2,6815744,send_recv,2,8
305,1.393,1.42,1.4096666666666666,1.416,0.011897712198383124,0,2,6848512,send_recv,2,8
306,1.42,1.424,1.4226666666666665,1.424,0.0018856180831641283,0,2,6881280,send_recv,2,8
307,1.422,1.447,1.4353333333333333,1.437,0.010274023338281686,0,2,6914048,send_recv,2,8
308,1.413,1.454,1.4343333333333332,1.436,0.016779617264870927,0,2,6946816,send_recv,2,8
309,1.439,1.459,1.449,1.449,0.008164965809277268,0,2,6979584,send_recv,2,8
310,1.416,1.446,1.4296666666666666,1.427,0.012391753530294073,0,2,7012352,send_recv,2,8
311,1.455,1.474,1.4616666666666667,1.456,0.00873053390247251,0,2,7045120,send_recv,2,8
312,1.455,1.47,1.46,1.455,0.0070710678118654285,0,2,7077888,send_recv,2,8
313,1.467,1.482,1.4753333333333334,1.477,0.006236095644623202,0,2,7110656,send_recv,2,8
314,1.477,1.496,1.484,1.479,0.008524474568362903,0,2,7143424,send_recv,2,8
315,1.461,1.494,1.4803333333333333,1.486,0.014055445761538637,0,2,7176192,send_recv,2,8
316,1.465,1.496,1.4843333333333335,1.492,0.013767917618708882,0,2,7208960,send_recv,2,8
317,1.483,1.497,1.4913333333333334,1.494,0.006018490028422586,0,2,7241728,send_recv,2,8
318,1.485,1.492,1.4883333333333333,1.488,0.002867441755680835,0,2,7274496,send_recv,2,8
319,1.488,1.526,1.5090000000000001,1.5130000000000001,0.01576916823001985,0,2,7307264,send_recv,2,8
320,1.508,1.524,1.515,1.5130000000000001,0.006683312551921135,0,2,7340032,send_recv,2,8
321,1.5,1.55,1.524,1.522,0.020461345670963763,0,2,7372800,send_recv,2,8
322,1.5190000000000001,1.546,1.5360000000000003,1.543,0.01208304597359451,0,2,7405568,send_recv,2,8
323,1.5290000000000001,1.547,1.5410000000000001,1.547,0.008485281374238473,0,2,7438336,send_recv,2,8
324,1.534,1.55,1.5416666666666667,1.541,0.006548960901462844,0,2,7471104,send_recv,2,8
325,1.557,1.567,1.5606666666666669,1.558,0.004496912521077329,0,2,7503872,send_recv,2,8
326,1.558,1.573,1.5633333333333335,1.559,0.00684754619472469,0,2,7536640,send_recv,2,8
327,1.558,1.572,1.5673333333333332,1.572,0.00659966329107445,0,2,7569408,send_recv,2,8
328,1.577,1.588,1.5830000000000002,1.584,0.004546060565662005,0,2,7602176,send_recv,2,8
329,1.569,1.605,1.585,1.581,0.014966629547095779,0,2,7634944,send_recv,2,8
330,1.584,1.607,1.595,1.594,0.00941629792788365,0,2,7667712,send_recv,2,8
331,1.582,1.59,1.5853333333333335,1.584,0.0033993463423951926,0,2,7700480,send_recv,2,8
332,1.597,1.612,1.6050000000000002,1.606,0.0061644140029690295,0,2,7733248,send_recv,2,8
333,1.582,1.601,1.5903333333333334,1.588,0.007930251502246837,0,2,7766016,send_recv,2,8
334,1.602,1.62,1.6136666666666668,1.619,0.008259674462242562,0,2,7798784,send_recv,2,8
335,1.608,1.619,1.6116666666666666,1.608,0.005185449728701301,0,2,7831552,send_recv,2,8
336,1.614,1.6320000000000001,1.6233333333333337,1.624,0.007363574011458181,0,2,7864320,send_recv,2,8
337,1.605,1.649,1.6273333333333333,1.6280000000000001,0.017969109295924757,0,2,7897088,send_recv,2,8
338,1.617,1.647,1.6290000000000002,1.623,0.012961481396815732,0,2,7929856,send_recv,2,8
339,1.631,1.649,1.6393333333333333,1.6380000000000001,0.007408703590297622,0,2,7962624,send_recv,2,8
340,1.6340000000000001,1.677,1.6536666666666668,1.6500000000000001,0.017745108872274852,0,2,7995392,send_recv,2,8
341,1.6480000000000001,1.685,1.6626666666666665,1.655,0.016048537489614274,0,2,8028160,send_recv,2,8
342,1.6400000000000001,1.672,1.659,1.665,0.013735598518690934,0,2,8060928,send_recv,2,8
343,1.6520000000000001,1.701,1.67,1.657,0.022015146301277815,0,2,8093696,send_recv,2,8
344,1.67,1.678,1.673,1.671,0.0035590260840104196,0,2,8126464,send_recv,2,8
345,1.685,1.693,1.6883333333333335,1.687,0.003399346342395193,0,2,8159232,send_recv,2,8
346,1.69,1.702,1.6963333333333335,1.697,0.004921607686744476,0,2,8192000,send_recv,2,8
347,1.69,1.713,1.7013333333333334,1.701,0.009392668535736967,0,2,8224768,send_recv,2,8
348,1.692,1.712,1.7036666666666667,1.707,0.008498365855987997,0,2,8257536,send_recv,2,8
349,1.693,1.716,1.7013333333333334,1.695,0.010402991022884781,0,2,8290304,send_recv,2,8
350,1.712,1.747,1.7309999999999999,1.734,0.014445299120013688,0,2,8323072,send_recv,2,8
351,1.712,1.727,1.7196666666666667,1.72,0.006128258770283461,0,2,8355840,send_recv,2,8
352,1.722,1.733,1.7276666666666667,1.728,0.004496912521077395,0,2,8388608,send_recv,2,8
353,1.736,1.758,1.745,1.741,0.009416297927883682,0,2,8421376,send_recv,2,8
354,1.741,1.752,1.7446666666666666,1.741,0.005185449728701301,0,2,8454144,send_recv,2,8
355,1.728,1.7670000000000001,1.7456666666666667,1.742,0.01613140484341721,0,2,8486912,send_recv,2,8
356,1.764,1.7870000000000001,1.773,1.768,0.010033277962195003,0,2,8519680,send_recv,2,8
357,1.7570000000000001,1.788,1.7703333333333333,1.766,0.013021349989749714,0,2,8552448,send_recv,2,8
358,1.7790000000000001,1.793,1.7836666666666667,1.7790000000000001,0.006599663291074345,0,2,8585216,send_recv,2,8
359,1.7750000000000001,1.811,1.7930000000000001,1.793,0.014696938456698993,0,2,8617984,send_recv,2,8
360,1.78,1.826,1.7966666666666669,1.784,0.020805982045769663,0,2,8650752,send_recv,2,8
361,1.77,1.804,1.7873333333333334,1.788,0.013888444437333117,0,2,8683520,send_recv,2,8
362,1.7690000000000001,1.803,1.7913333333333334,1.802,0.015797327481430316,0,2,8716288,send_recv,2,8
363,1.7910000000000001,1.807,1.801,1.805,0.007118052168020777,0,2,8749056,send_recv,2,8
364,1.793,1.828,1.8126666666666666,1.817,0.014613540144522034,0,2,8781824,send_recv,2,8
365,1.81,1.828,1.8196666666666665,1.821,0.007408703590297622,0,2,8814592,send_recv,2,8
366,1.833,1.841,1.8376666666666666,1.839,0.003399346342395193,0,2,8847360,send_recv,2,8
367,1.815,1.84,1.8243333333333334,1.818,0.0111455023315337,0,2,8880128,send_recv,2,8
368,1.822,1.856,1.8419999999999999,1.848,0.014514360704718175,0,2,8912896,send_recv,2,8
369,1.835,1.873,1.8523333333333334,1.849,0.015691469727919773,0,2,8945664,send_recv,2,8
370,1.848,1.8760000000000001,1.8613333333333335,1.86,0.011469767022723513,0,2,8978432,send_recv,2,8
371,1.864,1.885,1.873,1.87,0.008831760866327804,0,2,9011200,send_recv,2,8
372,1.841,1.862,1.853,1.856,0.008831760866327905,0,2,9043968,send_recv,2,8
373,1.865,1.8840000000000001,1.8726666666666667,1.869,0.008178562764256924,0,2,9076736,send_recv,2,8
374,1.8940000000000001,1.903,1.8993333333333335,1.901,0.003858612300930028,0,2,9109504,send_recv,2,8
375,1.872,1.8800000000000001,1.8756666666666666,1.875,0.003299831645537232,0,2,9142272,send_recv,2,8
376,1.853,1.893,1.8796666666666668,1.893,0.018856180831641284,0,2,9175040,send_recv,2,8
377,1.893,1.93,1.912,1.913,0.015121728296284977,0,2,9207808,send_recv,2,8
378,1.883,1.954,1.9243333333333332,1.936,0.030136725472788527,0,2,9240576,send_recv,2,8
379,1.903,1.922,1.9103333333333332,1.9060000000000001,0.008339997335464472,0,2,9273344,send_recv,2,8
380,1.8860000000000001,1.937,1.9120000000000001,1.913,0.020832666655999633,0,2,9306112,send_recv,2,8
381,1.919,1.939,1.9283333333333335,1.927,0.008219218670625309,0,2,9338880,send_recv,2,8
382,1.934,1.944,1.9396666666666667,1.941,0.004189935029992194,0,2,9371648,send_recv,2,8
383,1.938,1.941,1.939,1.938,0.0014142135623731488,0,2,9404416,send_recv,2,8
384,1.958,1.969,1.962,1.959,0.004966554808583814,0,2,9437184,send_recv,2,8
385,1.954,1.968,1.962,1.964,0.005887840577551903,0,2,9469952,send_recv,2,8
386,1.958,2.0140000000000002,1.9826666666666668,1.976,0.02334285520001558,0,2,9502720,send_recv,2,8
387,1.949,1.985,1.9723333333333333,1.983,0.016519348924485172,0,2,9535488,send_recv,2,8
388,1.97,1.991,1.9799999999999998,1.979,0.008602325267042677,0,2,9568256,send_recv,2,8
389,1.977,1.987,1.9803333333333335,1.977,0.004714045207910321,0,2,9601024,send_recv,2,8
390,1.994,2.023,2.0066666666666664,2.003,0.012119772641798612,0,2,9633792,send_recv,2,8
391,1.999,2.011,2.005333333333333,2.0060000000000002,0.004921607686744476,0,2,9666560,send_recv,2,8
392,1.996,2.021,2.007,2.004,0.010424330514074553,0,2,9699328,send_recv,2,8
393,2.001,2.0140000000000002,2.005666666666667,2.0020000000000002,0.005906681715556543,0,2,9732096,send_recv,2,8
394,2.007,2.0380000000000003,2.021333333333333,2.019,0.012762793146051157,0,2,9764864,send_recv,2,8
395,2.031,2.0420000000000003,2.035666666666667,2.0340000000000003,0.0046427960923947475,0,2,9797632,send_recv,2,8
396,2.032,2.037,2.035,2.036,0.0021602468994692545,0,2,9830400,send_recv,2,8
397,2.047,2.059,2.0533333333333332,2.054,0.004921607686744456,0,2,9863168,send_recv,2,8
398,2.032,2.058,2.047333333333333,2.052,0.011115554667021982,0,2,9895936,send_recv,2,8
399,2.043,2.056,2.0483333333333333,2.0460000000000003,0.00555777733351096,0,2,9928704,send_recv,2,8
400,2.061,2.065,2.063333333333333,2.064,0.001699673171197611,0,2,9961472,send_recv,2,8
401,2.0380000000000003,2.058,2.0493333333333332,2.052,0.008379870059984187,0,2,9994240,send_recv,2,8
402,2.062,2.116,2.0813333333333333,2.066,0.024567367696917832,0,2,10027008,send_recv,2,8
403,2.076,2.102,2.0933333333333333,2.102,0.01225651754056673,0,2,10059776,send_recv,2,8
404,2.075,2.095,2.0853333333333333,2.086,0.008178562764256863,0,2,10092544,send_recv,2,8
405,2.066,2.1,2.0886666666666667,2.1,0.016027753706895197,0,2,10125312,send_recv,2,8
406,2.105,2.121,2.1126666666666667,2.112,0.006548960901462836,0,2,10158080,send_recv,2,8
407,2.091,2.113,2.1026666666666665,2.104,0.009030811456095963,0,2,10190848,send_recv,2,8
408,2.104,2.1310000000000002,2.1166666666666667,2.115,0.011085526098877313,0,2,10223616,send_recv,2,8
409,2.126,2.13,2.1283333333333334,2.129,0.001699673171197611,0,2,10256384,send_recv,2,8
410,2.115,2.1350000000000002,2.125666666666667,2.1270000000000002,0.008219218670625309,0,2,10289152,send_recv,2,8
411,2.1310000000000002,2.138,2.1336666666666666,2.132,0.0030912061651651016,0,2,10321920,send_recv,2,8
412,2.1390000000000002,2.15,2.1460000000000004,2.149,0.00496655480858365,0,2,10354688,send_recv,2,8
413,2.136,2.141,2.139,2.14,0.0021602468994692545,0,2,10387456,send_recv,2,8
414,2.1470000000000002,2.152,2.149666666666667,2.15,0.0020548046676562674,0,2,10420224,send_recv,2,8
415,2.166,2.181,2.175,2.178,0.0064807406984079005,0,2,10452992,send_recv,2,8
416,2.157,2.172,2.1666666666666665,2.1710000000000003,0.006847546194724794,0,2,10485760,send_recv,2,8
417,2.162,2.17,2.167,2.169,0.003559026084010461,0,2,10518528,send_recv,2,8
418,2.196,2.212,2.2023333333333333,2.199,0.0069442222186666125,0,2,10551296,send_recv,2,8
419,2.184,2.223,2.203333333333333,2.203,0.01592342788332813,0,2,10584064,send_recv,2,8
420,2.193,2.213,2.201,2.197,0.008640987597877155,0,2,10616832,send_recv,2,8
421,2.181,2.203,2.1933333333333334,2.196,0.009177266598624077,0,2,10649600,send_recv,2,8
422,2.194,2.208,2.2023333333333333,2.205,0.006018490028422687,0,2,10682368,send_recv,2,8
423,2.198,2.229,2.2130000000000005,2.212,0.01267543556122108,0,2,10715136,send_recv,2,8
424,2.208,2.225,2.2150000000000003,2.212,0.007257180352359035,0,2,10747904,send_recv,2,8
425,2.237,2.246,2.2413333333333334,2.241,0.0036817870057290433,0,2,10780672,send_recv,2,8
426,2.227,2.246,2.234,2.229,0.008524474568362963,0,2,10813440,send_recv,2,8
427,2.24,2.247,2.2426666666666666,2.241,0.0030912061651651016,0,2,10846208,send_recv,2,8
428,2.218,2.245,2.234666666666667,2.241,0.011897712198383228,0,2,10878976,send_recv,2,8
429,2.254,2.271,2.2623333333333338,2.262,0.006944222218666513,0,2,10911744,send_recv,2,8
430,2.245,2.275,2.2603333333333335,2.261,0.012256517540566746,0,2,10944512,send_recv,2,8
431,2.263,2.285,2.2726666666666664,2.27,0.009177266598624232,0,2,10977280,send_recv,2,8
432,2.259,2.298,2.2823333333333333,2.29,0.016819301082057217,0,2,11010048,send_recv,2,8
433,2.277,2.283,2.279333333333333,2.278,0.0026246692913371884,0,2,11042816,send_recv,2,8
434,2.2720000000000002,2.319,2.299,2.306,0.019815818596935677,0,2,11075584,send_recv,2,8
435,2.2800000000000002,2.297,2.2870000000000004,2.2840000000000003,0.007257180352359036,0,2,11108352,send_recv,2,8
436,2.275,2.328,2.3016666666666663,2.302,0.02163844315615662,0,2,11141120,send_recv,2,8
437,2.289,2.315,2.2983333333333333,2.291,0.011813363431112852,0,2,11173888,send_recv,2,8
438,2.2960000000000003,2.331,2.312333333333333,2.31,0.014383632673594158,0,2,11206656,send_recv,2,8
439,2.3000000000000003,2.342,2.3250000000000006,2.333,0.018055470085267717,0,2,11239424,send_recv,2,8
440,2.285,2.353,2.326,2.34,0.029473151624260768,0,2,11272192,send_recv,2,8
441,2.302,2.344,2.3249999999999997,2.329,0.01737814719698271,0,2,11304960,send_recv,2,8
442,2.336,2.369,2.348333333333333,2.34,0.014704496666742022,0,2,11337728,send_recv,2,8
443,2.34,2.362,2.3506666666666667,2.35,0.00899382504215479,0,2,11370496,send_recv,2,8
444,2.356,2.376,2.365333333333333,2.364,0.008219218670625309,0,2,11403264,send_recv,2,8
445,2.35,2.388,2.3663333333333334,2.361,0.01596524001977063,0,2,11436032,send_recv,2,8
446,2.369,2.3810000000000002,2.3753333333333333,2.376,0.004921607686744456,0,2,11468800,send_recv,2,8
447,2.383,2.406,2.392,2.387,0.010033277962195001,0,2,11501568,send_recv,2,8
448,2.3850000000000002,2.4,2.392333333333333,2.392,0.006128258770283284,0,2,11534336,send_recv,2,8
449,2.372,2.394,2.3859999999999997,2.392,0.009933109617167628,0,2,11567104,send_recv,2,8
450,2.3850000000000002,2.407,2.3986666666666667,2.404,0.00974109279746819,0,2,11599872,send_recv,2,8
451,2.3890000000000002,2.42,2.4003333333333337,2.392,0.013960261060914539,0,2,11632640,send_recv,2,8
452,2.402,2.435,2.4143333333333334,2.406,0.014704496666741812,0,2,11665408,send_recv,2,8
453,2.3890000000000002,2.416,2.4040000000000004,2.407,0.011224972160321697,0,2,11698176,send_recv,2,8
454,2.3890000000000002,2.45,2.425333333333333,2.437,0.026233989826601255,0,2,11730944,send_recv,2,8
455,2.4130000000000003,2.4170000000000003,2.4146666666666667,2.414,0.001699673171197611,0,2,11763712,send_recv,2,8
456,2.436,2.45,2.443,2.443,0.005715476066494178,0,2,11796480,send_recv,2,8
457,2.4290000000000003,2.472,2.4450000000000003,2.434,0.019200694431886108,0,2,11829248,send_recv,2,8
458,2.44,2.473,2.4536666666666664,2.448,0.014055445761538637,0,2,11862016,send_recv,2,8
459,2.436,2.477,2.455666666666667,2.454,0.016779617264870917,0,2,11894784,send_recv,2,8
460,2.479,2.501,2.487,2.481,0.00993310961716751,0,2,11927552,send_recv,2,8
461,2.433,2.503,2.4606666666666666,2.446,0.030401023374587686,0,2,11960320,send_recv,2,8
462,2.463,2.507,2.49,2.5,0.019304576314093675,0,2,11993088,send_recv,2,8
463,2.475,2.5100000000000002,2.4890000000000003,2.482,0.015121728296285055,0,2,12025856,send_recv,2,8
464,2.495,2.523,2.5113333333333334,2.516,0.01189771219838316,0,2,12058624,send_recv,2,8
465,2.485,2.511,2.4973333333333336,2.496,0.010656244908763952,0,2,12091392,send_recv,2,8
466,2.5060000000000002,2.5260000000000002,2.5156666666666667,2.515,0.008178562764256875,0,2,12124160,send_recv,2,8
467,2.48,2.521,2.507,2.52,0.019096247449869996,0,2,12156928,send_recv,2,8
468,2.516,2.551,2.532666666666667,2.531,0.014337208778404434,0,2,12189696,send_recv,2,8
469,2.503,2.547,2.521666666666667,2.515,0.018571184369578844,0,2,12222464,send_recv,2,8
470,2.519,2.5340000000000003,2.5263333333333335,2.5260000000000002,0.006128258770283461,0,2,12255232,send_recv,2,8
471,2.5380000000000003,2.549,2.544333333333334,2.5460000000000003,0.004642796092394599,0,2,12288000,send_recv,2,8
472,2.547,2.557,2.550666666666667,2.548,0.004496912521077269,0,2,12320768,send_recv,2,8
473,2.539,2.594,2.561,2.5500000000000003,0.023762715894162005,0,2,12353536,send_recv,2,8
474,2.536,2.575,2.559,2.566,0.016673332000533087,0,2,12386304,send_recv,2,8
475,2.5420000000000003,2.59,2.573,2.587,0.02195449840010003,0,2,12419072,send_recv,2,8
476,2.566,2.584,2.5723333333333334,2.567,0.008259674462242617,0,2,12451840,send_recv,2,8
477,2.555,2.593,2.5719999999999996,2.568,0.015769168230019753,0,2,12484608,send_recv,2,8
478,2.59,2.603,2.594333333333333,2.59,0.006128258770283574,0,2,12517376,send_recv,2,8
479,2.589,2.596,2.591666666666667,2.59,0.003091206165165309,0,2,12550144,send_recv,2,8
480,2.579,2.608,2.5973333333333333,2.605,0.013021349989749678,0,2,12582912,send_recv,2,8
481,2.593,2.615,2.6023333333333336,2.599,0.009285592184789495,0,2,12615680,send_recv,2,8
482,2.628,2.644,2.636,2.636,0.0065319726474218145,0,2,12648448,send_recv,2,8
483,2.6390000000000002,2.66,2.646666666666667,2.641,0.009463379711052261,0,2,12681216,send_recv,2,8
484,2.614,2.6670000000000003,2.634,2.621,0.0235088635766741,0,2,12713984,send_recv,2,8
485,2.636,2.641,2.638666666666667,2.6390000000000002,0.0020548046676562913,0,2,12746752,send_recv,2,8
486,2.614,2.669,2.650333333333333,2.668,0.025694789787469117,0,2,12779520,send_recv,2,8
487,2.649,2.665,2.658,2.66,0.0066833125519211575,0,2,12812288,send_recv,2,8
488,2.6430000000000002,2.67,2.658666666666667,2.6630000000000003,0.011440668201153576,0,2,12845056,send_recv,2,8
489,2.624,2.676,2.646666666666667,2.64,0.021746008573733475,0,2,12877824,send_recv,2,8
490,2.657,2.682,2.6696666666666666,2.67,0.010208928554075666,0,2,12910592,send_recv,2,8
491,2.678,2.69,2.6823333333333337,2.6790000000000003,0.0054365021434333,0,2,12943360,send_recv,2,8
492,2.652,2.701,2.6796666666666673,2.686,0.02049932248202902,0,2,12976128,send_recv,2,8
493,2.666,2.686,2.6763333333333335,2.677,0.008178562764256875,0,2,13008896,send_recv,2,8
494,2.696,2.714,2.703333333333333,2.7,0.007717224601860055,0,2,13041664,send_recv,2,8
495,2.703,2.724,2.7103333333333333,2.704,0.009672412085698032,0,2,13074432,send_recv,2,8
496,2.704,2.746,2.7213333333333334,2.714,0.017913371790059147,0,2,13107200,send_recv,2,8
497,2.723,2.738,2.732666666666667,2.737,0.006847546194724795,0,2,13139968,send_recv,2,8
498,2.711,2.741,2.7276666666666665,2.731,0.012472191289246563,0,2,13172736,send_recv,2,8
499,2.73,2.75,2.7430000000000003,2.749,0.009201449161228207,0,2,13205504,send_recv,2,8
500,2.711,2.735,2.7213333333333334,2.718,0.010077477638553978,0,2,13238272,send_recv,2,8
501,2.744,2.773,2.7546666666666666,2.747,0.013021349989749766,0,2,13271040,send_recv,2,8
502,2.727,2.773,2.752333333333333,2.757,0.01906713286143357,0,2,13303808,send_recv,2,8
503,2.765,2.786,2.7743333333333333,2.7720000000000002,0.008730533902472479,0,2,13336576,send_recv,2,8
504,2.761,2.797,2.785,2.797,0.016970562748477157,0,2,13369344,send_recv,2,8
505,2.7680000000000002,2.787,2.7793333333333337,2.783,0.008178562764256719,0,2,13402112,send_recv,2,8
506,2.7640000000000002,2.815,2.793333333333333,2.801,0.021514852750806463,0,2,13434880,send_recv,2,8
507,2.781,2.814,2.799,2.802,0.01363818169698582,0,2,13467648,send_recv,2,8
508,2.7640000000000002,2.797,2.782,2.785,0.013638181696985819,0,2,13500416,send_recv,2,8
509,2.786,2.826,2.801,2.791,0.01779513042005222,0,2,13533184,send_recv,2,8
510,2.806,2.831,2.8143333333333334,2.806,0.01178511301977575,0,2,13565952,send_recv,2,8
511,2.818,2.819,2.8186666666666667,2.819,0.00047140452079097976,0,2,13598720,send_recv,2,8
512,2.806,2.841,2.829,2.84,0.016268579122549896,0,2,13631488,send_recv,2,8
513,2.815,2.876,2.84,2.829,0.026089589239132602,0,2,13664256,send_recv,2,8
514,2.835,2.859,2.843666666666666,2.837,0.01087300428686669,0,2,13697024,send_recv,2,8
515,2.823,2.87,2.843,2.836,0.01981581859693588,0,2,13729792,send_recv,2,8
516,2.8080000000000003,2.86,2.8403333333333336,2.853,0.023041026211713816,0,2,13762560,send_recv,2,8
517,2.825,2.852,2.842,2.849,0.01208304597359449,0,2,13795328,send_recv,2,8
518,2.829,2.8810000000000002,2.862333333333334,2.8770000000000002,0.023626726862225823,0,2,13828096,send_recv,2,8
519,2.841,2.896,2.8659999999999997,2.861,0.022730302828309634,0,2,13860864,send_recv,2,8
520,2.878,2.884,2.8810000000000002,2.8810000000000002,0.00244948974278309,0,2,13893632,send_recv,2,8
521,2.853,2.908,2.8836666666666666,2.89,0.02289589968143242,0,2,13926400,send_recv,2,8
522,2.8770000000000002,2.932,2.9026666666666667,2.899,0.02260285134421947,0,2,13959168,send_recv,2,8
523,2.89,2.927,2.9036666666666666,2.894,0.016579773487261147,0,2,13991936,send_recv,2,8
524,2.896,2.903,2.898666666666667,2.8970000000000002,0.003091206165165229,0,2,14024704,send_recv,2,8
525,2.892,2.948,2.911,2.8930000000000002,0.02616613587572043,0,2,14057472,send_recv,2,8
526,2.926,2.946,2.939333333333334,2.946,0.009428090415820642,0,2,14090240,send_recv,2,8
527,2.915,2.943,2.9263333333333335,2.9210000000000003,0.012036980056845172,0,2,14123008,send_recv,2,8
528,2.911,2.927,2.9183333333333334,2.9170000000000003,0.006599663291074435,0,2,14155776,send_recv,2,8
529,2.9130000000000003,2.947,2.928666666666667,2.926,0.014007934259633717,0,2,14188544,send_recv,2,8
530,2.932,2.942,2.938333333333334,2.9410000000000003,0.004496912521077477,0,2,14221312,send_recv,2,8
531,2.951,2.97,2.9633333333333334,2.969,0.008730533902472517,0,2,14254080,send_recv,2,8
532,2.963,2.992,2.9753333333333334,2.971,0.012229290885229388,0,2,14286848,send_recv,2,8
533,2.9210000000000003,2.936,2.926666666666667,2.923,0.006649979114419892,0,2,14319616,send_recv,2,8
534,2.9370000000000003,2.976,2.9603333333333333,2.968,0.016819301082057012,0,2,14352384,send_recv,2,8
535,2.959,3.0140000000000002,2.9843333333333333,2.98,0.022661764175711453,0,2,14385152,send_recv,2,8
536,2.969,2.992,2.983,2.988,0.010033277962195003,0,2,14417920,send_recv,2,8
537,2.981,3.0140000000000002,2.9933333333333336,2.985,0.014704496666742022,0,2,14450688,send_recv,2,8
538,2.975,2.992,2.9843333333333337,2.986,0.007039570693980934,0,2,14483456,send_recv,2,8
539,2.996,3.0060000000000002,3.0020000000000002,3.004,0.004320493798938646,0,2,14516224,send_recv,2,8
540,2.992,3.056,3.017,3.003,0.027940412786261175,0,2,14548992,send_recv,2,8
541,3.009,3.025,3.017,3.017,0.0065319726474218145,0,2,14581760,send_recv,2,8
542,3.021,3.043,3.033,3.035,0.009092121131324009,0,2,14614528,send_recv,2,8
543,3.025,3.039,3.032666666666667,3.0340000000000003,0.005792715732327701,0,2,14647296,send_recv,2,8
544,3.024,3.0380000000000003,3.0316666666666663,3.033,0.005792715732327667,0,2,14680064,send_recv,2,8
545,3.024,3.0620000000000003,3.0446666666666666,3.048,0.015691469727919856,0,2,14712832,send_recv,2,8
546,3.0380000000000003,3.055,3.0463333333333336,3.0460000000000003,0.006944222218666513,0,2,14745600,send_recv,2,8
547,3.056,3.082,3.0666666666666664,3.0620000000000003,0.011115554667021922,0,2,14778368,send_recv,2,8
548,3.071,3.114,3.085666666666667,3.072,0.0200388511535854,0,2,14811136,send_recv,2,8
549,3.033,3.064,3.0499999999999994,3.053,0.01283225103661349,0,2,14843904,send_recv,2,8
550,3.0620000000000003,3.1,3.0773333333333333,3.0700000000000003,0.016357125528513643,0,2,14876672,send_recv,2,8
551,3.085,3.091,3.0873333333333335,3.086,0.002624669291337395,0,2,14909440,send_recv,2,8
552,3.068,3.094,3.0826666666666664,3.086,0.010873004286866637,0,2,14942208,send_recv,2,8
553,3.075,3.106,3.0896666666666666,3.088,0.01271045064329162,0,2,14974976,send_recv,2,8
554,3.12,3.1470000000000002,3.1333333333333333,3.133,0.011025223605694209,0,2,15007744,send_recv,2,8
555,3.104,3.141,3.1166666666666667,3.105,0.017211107524567434,0,2,15040512,send_recv,2,8
556,3.095,3.118,3.103666666666667,3.098,0.010208928554075618,0,2,15073280,send_recv,2,8
557,3.101,3.125,3.1166666666666667,3.124,0.011085526098877294,0,2,15106048,send_recv,2,8
558,3.109,3.1510000000000002,3.1323333333333334,3.137,0.017461067804945156,0,2,15138816,send_recv,2,8
559,3.136,3.153,3.147,3.152,0.007788880963698594,0,2,15171584,send_recv,2,8
560,3.121,3.161,3.139,3.1350000000000002,0.01657307052620807,0,2,15204352,send_recv,2,8
561,3.161,3.192,3.1756666666666664,3.174,0.012710450643291809,0,2,15237120,send_recv,2,8
562,3.1270000000000002,3.172,3.1540000000000004,3.1630000000000003,0.019442222095223564,0,2,15269888,send_recv,2,8
563,3.166,3.18,3.174666666666667,3.178,0.006182412330330539,0,2,15302656,send_recv,2,8
564,3.182,3.1990000000000003,3.190666666666667,3.1910000000000003,0.0069442222186666975,0,2,15335424,send_recv,2,8
565,3.164,3.193,3.183,3.192,0.013441230102437286,0,2,15368192,send_recv,2,8
566,3.176,3.208,3.1943333333333332,3.1990000000000003,0.013474255287605182,0,2,15400960,send_recv,2,8
567,3.152,3.202,3.1806666666666668,3.188,0.021060758665241694,0,2,15433728,send_recv,2,8
568,3.1870000000000003,3.2,3.192666666666667,3.1910000000000003,0.005436502143433318,0,2,15466496,send_recv,2,8
569,3.222,3.235,3.2283333333333335,3.228,0.005312459150169696,0,2,15499264,send_recv,2,8
570,3.207,3.225,3.215666666666667,3.215,0.007363574011458274,0,2,15532032,send_recv,2,8
571,3.206,3.23,3.2206666666666663,3.226,0.01049867716534909,0,2,15564800,send_recv,2,8
572,3.227,3.243,3.235333333333333,3.236,0.006548960901462852,0,2,15597568,send_recv,2,8
573,3.204,3.243,3.22,3.213,0.016673332000532944,0,2,15630336,send_recv,2,8
574,3.234,3.257,3.2436666666666665,3.24,0.009741092797468338,0,2,15663104,send_recv,2,8
575,3.206,3.2520000000000002,3.234666666666667,3.246,0.020417857108151485,0,2,15695872,send_recv,2,8
576,3.243,3.251,3.246,3.244,0.003559026084010378,0,2,15728640,send_recv,2,8
577,3.243,3.282,3.2573333333333334,3.247,0.017518244457961286,0,2,15761408,send_recv,2,8
578,3.273,3.3120000000000003,3.2910000000000004,3.2880000000000003,0.016062378404209064,0,2,15794176,send_recv,2,8
579,3.259,3.286,3.2706666666666666,3.267,0.01132352516764208,0,2,15826944,send_recv,2,8
580,3.289,3.309,3.297,3.293,0.008640987597877155,0,2,15859712,send_recv,2,8
581,3.218,3.333,3.2930000000000006,3.3280000000000003,0.053072277760302315,0,2,15892480,send_recv,2,8
582,3.274,3.31,3.2896666666666667,3.285,0.015062831370260005,0,2,15925248,send_recv,2,8
583,3.295,3.332,3.310333333333334,3.3040000000000003,0.015755069730795216,0,2,15958016,send_recv,2,8
584,3.31,3.339,3.324666666666667,3.325,0.011841546445554374,0,2,15990784,send_recv,2,8
585,3.273,3.325,3.3029999999999995,3.311,0.021969676071045434,0,2,16023552,send_recv,2,8
586,3.3040000000000003,3.35,3.328,3.33,0.0188325958557673,0,2,16056320,send_recv,2,8
587,3.343,3.355,3.3480000000000003,3.346,0.005099019513592775,0,2,16089088,send_recv,2,8
588,3.321,3.3770000000000002,3.3409999999999997,3.325,0.02550816862627868,0,2,16121856,send_recv,2,8
589,3.3040000000000003,3.37,3.3426666666666667,3.354,0.028110891523077275,0,2,16154624,send_recv,2,8
590,3.329,3.36,3.341666666666667,3.336,0.013274871834493157,0,2,16187392,send_recv,2,8
591,3.338,3.371,3.3553333333333337,3.357,0.013523641850067169,0,2,16220160,send_recv,2,8
592,3.342,3.3770000000000002,3.3633333333333333,3.371,0.015282524515130229,0,2,16252928,send_recv,2,8
593,3.359,3.3810000000000002,3.3693333333333335,3.368,0.009030811456096154,0,2,16285696,send_recv,2,8
594,3.392,3.403,3.3966666666666665,3.395,0.0046427960923947475,0,2,16318464,send_recv,2,8
595,3.378,3.399,3.3913333333333333,3.3970000000000002,0.009463379711052261,0,2,16351232,send_recv,2,8
596,3.387,3.395,3.39,3.388,0.003559026084010461,0,2,16384000,send_recv,2,8
597,3.372,3.4,3.3843333333333336,3.3810000000000002,0.01167142760000771,0,2,16416768,send_recv,2,8
598,3.387,3.416,3.404,3.4090000000000003,0.012355835328567096,0,2,16449536,send_recv,2,8
599,3.367,3.436,3.4113333333333333,3.431,0.03141478774222243,0,2,16482304,send_recv,2,8
600,3.372,3.423,3.404666666666667,3.419,0.02315647257727795,0,2,16515072,send_recv,2,8
601,3.3970000000000002,3.412,3.405,3.406,0.00616441400296885,0,2,16547840,send_recv,2,8
602,3.426,3.438,3.4313333333333333,3.43,0.004988876515698593,0,2,16580608,send_recv,2,8
603,3.4250000000000003,3.45,3.4343333333333335,3.428,0.01114550233153368,0,2,16613376,send_recv,2,8
604,3.4490000000000003,3.463,3.4570000000000003,3.459,0.0058878405775518025,0,2,16646144,send_recv,2,8
605,3.442,3.473,3.454333333333333,3.448,0.013424687043734737,0,2,16678912,send_recv,2,8
606,3.431,3.447,3.439333333333334,3.44,0.006548960901462835,0,2,16711680,send_recv,2,8
607,3.459,3.476,3.4683333333333337,3.47,0.007039570693980934,0,2,16744448,send_recv,2,8
608,3.4490000000000003,3.473,3.4629999999999996,3.467,0.010198039027185404,0,2,16777216,send_recv,2,8
609,3.482,3.491,3.487,3.488,0.0037416573867738853,0,2,16777216,send_recv,2,8
610,3.498,3.5260000000000002,3.5100000000000002,3.5060000000000002,0.011775681155103806,0,2,16908288,send_recv,2,8
611,3.509,3.5380000000000003,3.525,3.528,0.012027745701779283,0,2,17039360,send_recv,2,8
612,3.531,3.5700000000000003,3.5553333333333335,3.565,0.01732692189115604,0,2,17170432,send_recv,2,8
613,3.571,3.604,3.5843333333333334,3.5780000000000003,0.014197026292697848,0,2,17301504,send_recv,2,8
614,3.62,3.641,3.6330000000000005,3.638,0.00927361849549564,0,2,17432576,send_recv,2,8
615,3.632,3.656,3.6430000000000002,3.641,0.009899494936611682,0,2,17563648,send_recv,2,8
616,3.6750000000000003,3.698,3.6826666666666665,3.6750000000000003,0.010842303978193581,0,2,17694720,send_recv,2,8
617,3.688,3.692,3.69,3.69,0.0016329931618554536,0,2,17825792,send_recv,2,8
618,3.708,3.731,3.717,3.712,0.010033277962194794,0,2,17956864,send_recv,2,8
619,3.715,3.767,3.7409999999999997,3.741,0.021228911104120896,0,2,18087936,send_recv,2,8
620,3.761,3.795,3.7729999999999997,3.763,0.015577761927397188,0,2,18219008,send_recv,2,8
621,3.795,3.8160000000000003,3.8080000000000003,3.813,0.009273618495495848,0,2,18350080,send_recv,2,8
622,3.827,3.848,3.836,3.833,0.00883176086632778,0,2,18481152,send_recv,2,8
623,3.858,3.911,3.880333333333333,3.872,0.022425184255405545,0,2,18612224,send_recv,2,8
624,3.868,3.891,3.876333333333333,3.87,0.01040299102288484,0,2,18743296,send_recv,2,8
625,3.892,3.943,3.9153333333333333,3.911,0.02104492549021952,0,2,18874368,send_recv,2,8
626,3.911,3.95,3.933666666666667,3.94,0.016539514973407072,0,2,19005440,send_recv,2,8
627,3.944,3.981,3.9676666666666667,3.978,0.01677961726487099,0,2,19136512,send_recv,2,8
628,3.97,4.009,3.9883333333333337,3.986,0.016006942938057357,0,2,19267584,send_recv,2,8
629,3.996,4.019,4.009,4.0120000000000005,0.00962635271879586,0,2,19398656,send_recv,2,8
630,4.027,4.046,4.033666666666668,4.0280000000000005,0.008730533902472517,0,2,19529728,send_recv,2,8
631,4.034,4.0920000000000005,4.060333333333333,4.055,0.023976840677806248,0,2,19660800,send_recv,2,8
632,4.079,4.12,4.102333333333333,4.108,0.017211107524567563,0,2,19791872,send_recv,2,8
633,4.106,4.156,4.13,4.128,0.020461345670963655,0,2,19922944,send_recv,2,8
634,4.124,4.173,4.142666666666667,4.131,0.021638443156156716,0,2,20054016,send_recv,2,8
635,4.168,4.195,4.184666666666666,4.191,0.011897712198383148,0,2,20185088,send_recv,2,8
636,4.182,4.226,4.1976666666666675,4.1850000000000005,0.020072092289765916,0,2,20316160,send_recv,2,8
637,4.223,4.2540000000000004,4.24,4.243,0.012832251036613685,0,2,20447232,send_recv,2,8
638,4.229,4.2780000000000005,4.256333333333334,4.2620000000000005,0.020401524997465975,0,2,20578304,send_recv,2,8
639,4.272,4.332,4.301,4.299,0.024535688292770426,0,2,20709376,send_recv,2,8
640,4.303,4.351,4.330666666666667,4.338,0.020270394394014395,0,2,20840448,send_recv,2,8
641,4.336,4.374,4.349333333333334,4.338,0.01746106780494481,0,2,20971520,send_recv,2,8
642,4.352,4.382,4.363,4.355,0.013490737563231717,0,2,21102592,send_recv,2,8
643,4.349,4.418,4.389666666666667,4.402,0.029488227406128605,0,2,21233664,send_recv,2,8
644,4.39,4.438,4.4126666666666665,4.41,0.019686430746977866,0,2,21364736,send_recv,2,8
645,4.441,4.456,4.446000000000001,4.441,0.007071067811865743,0,2,21495808,send_recv,2,8
646,4.442,4.481,4.457333333333334,4.449,0.016977108770995706,0,2,21626880,send_recv,2,8
647,4.485,4.545,4.515,4.515,0.02449489742783162,0,2,21757952,send_recv,2,8
648,4.505,4.581,4.539666666666666,4.533,0.03138293945583971,0,2,21889024,send_recv,2,8
649,4.554,4.5920000000000005,4.579000000000001,4.591,0.017682382946499837,0,2,22020096,send_recv,2,8
650,4.573,4.586,4.578666666666667,4.577,0.005436502143433364,0,2,22151168,send_recv,2,8
651,4.604,4.627,4.617999999999999,4.623,0.010033277962194867,0,2,22282240,send_recv,2,8
652,4.617,4.6530000000000005,4.633,4.6290000000000004,0.014966629547095937,0,2,22413312,send_recv,2,8
653,4.639,4.687,4.664000000000001,4.666,0.019646882704388524,0,2,22544384,send_recv,2,8
654,4.678,4.72,4.6930000000000005,4.681,0.019131126469708878,0,2,22675456,send_recv,2,8
655,4.697,4.745,4.723333333333334,4.728,0.019871811414385165,0,2,22806528,send_recv,2,8
656,4.73,4.783,4.7633333333333345,4.777,0.023697163449568223,0,2,22937600,send_recv,2,8
657,4.744,4.805,4.771,4.764,0.025390286856722656,0,2,23068672,send_recv,2,8
658,4.809,4.845,4.826666666666667,4.8260000000000005,0.014704496666741675,0,2,23199744,send_recv,2,8
659,4.852,4.854,4.853000000000001,4.853,0.0008164965809276362,0,2,23330816,send_recv,2,8
660,4.821,4.859,4.838333333333333,4.835,0.015691469727919856,0,2,23461888,send_recv,2,8
661,4.853,4.8950000000000005,4.876,4.88,0.017378147196983034,0,2,23592960,send_recv,2,8
662,4.898,4.942,4.917666666666666,4.913,0.018263503375737133,0,2,23724032,send_recv,2,8
663,4.932,4.97,4.948333333333333,4.9430000000000005,0.01596524001977043,0,2,23855104,send_recv,2,8
664,4.974,5.008,4.988666666666667,4.984,0.014267289706021735,0,2,23986176,send_recv,2,8
665,4.96,5.033,4.994,4.989,0.030011109054259844,0,2,24117248,send_recv,2,8
666,4.992,5.071,5.040333333333334,5.058,0.03458644564308704,0,2,24248320,send_recv,2,8
667,5.0360000000000005,5.095,5.059333333333334,5.047,0.025616834742454252,0,2,24379392,send_recv,2,8
668,5.075,5.11,5.090333333333334,5.086,0.014613540144522034,0,2,24510464,send_recv,2,8
669,5.094,5.135,5.111,5.104,0.017454703282114518,0,2,24641536,send_recv,2,8
670,5.093,5.176,5.1273333333333335,5.113,0.03536790761253612,0,2,24772608,send_recv,2,8
671,5.1290000000000004,5.194,5.168333333333334,5.182,0.02824102610663335,0,2,24903680,send_recv,2,8
672,5.183,5.206,5.1933333333333325,5.191,0.009533566430716981,0,2,25034752,send_recv,2,8
673,5.194,5.239,5.221,5.23,0.019442222095223633,0,2,25165824,send_recv,2,8
674,5.251,5.255,5.253333333333334,5.2540000000000004,0.001699673171197466,0,2,25296896,send_recv,2,8
675,5.2780000000000005,5.2860000000000005,5.282333333333334,5.283,0.0032998316455372175,0,2,25427968,send_recv,2,8
676,5.289,5.307,5.298,5.298,0.007348469228349813,0,2,25559040,send_recv,2,8
677,5.299,5.322,5.312333333333334,5.316,0.009741092797468135,0,2,25690112,send_recv,2,8
678,5.348,5.3660000000000005,5.357666666666667,5.359,0.007408703590297886,0,2,25821184,send_recv,2,8
679,5.3580000000000005,5.394,5.377,5.3790000000000004,0.014764823060233238,0,2,25952256,send_recv,2,8
680,5.373,5.424,5.400333333333333,5.404,0.02098147330914166,0,2,26083328,send_recv,2,8
681,5.402,5.448,5.420000000000001,5.41,0.020066555924390005,0,2,26214400,send_recv,2,8
682,5.423,5.486,5.451666666666667,5.446,0.026029897340472754,0,2,26345472,send_recv,2,8
683,5.465,5.509,5.485333333333333,5.482,0.018116904322268444,0,2,26476544,send_recv,2,8
684,5.5120000000000005,5.53,5.519000000000001,5.515,0.007874007874011846,0,2,26607616,send_recv,2,8
685,5.513,5.6080000000000005,5.5566666666666675,5.549,0.03916063783387057,0,2,26738688,send_recv,2,8
686,5.564,5.5920000000000005,5.578,5.578,0.011430952132988356,0,2,26869760,send_recv,2,8
687,5.573,5.619,5.603666666666666,5.619,0.021684607956387162,0,2,27000832,send_recv,2,8
688,5.6080000000000005,5.633,5.616333333333333,5.6080000000000005,0.011785113019775542,0,2,27131904,send_recv,2,8
689,5.63,5.7010000000000005,5.663666666666667,5.66,0.029101355447623118,0,2,27262976,send_recv,2,8
690,5.672,5.681,5.676666666666667,5.6770000000000005,0.003681787005729244,0,2,27394048,send_recv,2,8
691,5.651,5.678,5.666,5.6690000000000005,0.011224972160321933,0,2,27525120,send_recv,2,8
692,5.71,5.729,5.721,5.724,0.008041558721209952,0,2,27656192,send_recv,2,8
693,5.742,5.763,5.756,5.763,0.009899494936611622,0,2,27787264,send_recv,2,8
694,5.803,5.841,5.817666666666667,5.809,0.016679994670929153,0,2,27918336,send_recv,2,8
695,5.7860000000000005,5.83,5.809666666666668,5.813,0.01811690432226806,0,2,28049408,send_recv,2,8
696,5.846,5.871,5.8563333333333345,5.852,0.010656244908763986,0,2,28180480,send_recv,2,8
697,5.84,5.882000000000001,5.854333333333334,5.841,0.01956754682858582,0,2,28311552,send_recv,2,8
698,5.883,5.914,5.901666666666667,5.908,0.013424687043734809,0,2,28442624,send_recv,2,8
699,5.9430000000000005,5.961,5.951333333333334,5.95,0.007408703590297553,0,2,28573696,send_recv,2,8
700,5.9110000000000005,5.987,5.948666666666668,5.948,0.03103045099396525,0,2,28704768,send_recv,2,8
701,5.952,5.9590000000000005,5.955000000000001,5.954,0.002943920288776228,0,2,28835840,send_recv,2,8
702,6.005,6.014,6.009666666666667,6.01,0.003681787005729217,0,2,28966912,send_recv,2,8
703,6.022,6.074,6.048333333333333,6.049,0.02123414441151049,0,2,29097984,send_recv,2,8
704,6.0440000000000005,6.063,6.055666666666667,6.0600000000000005,0.008339997335464316,0,2,29229056,send_recv,2,8
705,6.018,6.117,6.071666666666666,6.08,0.04084387618997773,0,2,29360128,send_recv,2,8
706,6.1080000000000005,6.113,6.110333333333333,6.11,0.0020548046676562913,0,2,29491200,send_recv,2,8
707,6.0760000000000005,6.1450000000000005,6.118666666666667,6.135,0.030444849956747698,0,2,29622272,send_recv,2,8
708,6.164,6.221,6.192666666666667,6.1930000000000005,0.023271346234276243,0,2,29753344,send_recv,2,8
709,6.1850000000000005,6.219,6.197,6.187,0.015577761927397188,0,2,29884416,send_recv,2,8
710,6.203,6.242,6.216333333333334,6.204,0.018153665072253453,0,2,30015488,send_recv,2,8
711,6.2540000000000004,6.292,6.272000000000001,6.2700000000000005,0.015577761927396959,0,2,30146560,send_recv,2,8
712,6.276,6.307,6.289666666666666,6.2860000000000005,0.01291854825005093,0,2,30277632,send_recv,2,8
713,6.2940000000000005,6.329,6.307666666666667,6.3,0.015282524515129965,0,2,30408704,send_recv,2,8
714,6.323,6.36,6.337000000000001,6.328,0.01639105447085898,0,2,30539776,send_recv,2,8
715,6.36,6.414,6.383666666666667,6.377,0.022543784558547664,0,2,30670848,send_recv,2,8
716,6.372,6.407,6.392,6.397,0.014719601443879833,0,2,30801920,send_recv,2,8
717,6.382000000000001,6.425,6.402,6.399,0.017682382946499504,0,2,30932992,send_recv,2,8
718,6.4190000000000005,6.468,6.447333333333333,6.455,0.02072572207561286,0,2,31064064,send_recv,2,8
719,6.426,6.485,6.457999999999999,6.463,0.024344746182013672,0,2,31195136,send_recv,2,8
720,6.48,6.534,6.5040000000000004,6.498,0.022449944320643393,0,2,31326208,send_recv,2,8
721,6.513,6.55,6.527,6.518,0.01639105447085898,0,2,31457280,send_recv,2,8
722,6.526,6.5840000000000005,6.554333333333333,6.553,0.02369716344956859,0,2,31588352,send_recv,2,8
723,6.5440000000000005,6.598,6.574333333333333,6.581,0.022543784558547664,0,2,31719424,send_recv,2,8
724,6.587,6.614,6.596333333333334,6.588,0.012498888839501772,0,2,31850496,send_recv,2,8
725,6.609,6.621,6.616333333333333,6.619,0.005249338582674639,0,2,31981568,send_recv,2,8
726,6.6530000000000005,6.703,6.679333333333333,6.682,0.02049932248202899,0,2,32112640,send_recv,2,8
727,6.658,6.672,6.665,6.665,0.005715476066493815,0,2,32243712,send_recv,2,8
728,6.707,6.757000000000001,6.7316666666666665,6.731,0.0204178571081517,0,2,32374784,send_recv,2,8
729,6.675,6.771,6.729333333333333,6.742,0.04020226638166344,0,2,32505856,send_recv,2,8
730,6.767,6.773000000000001,6.7700000000000005,6.7700000000000005,0.002449489742783271,0,2,32636928,send_recv,2,8
731,6.73,6.769,6.752,6.757000000000001,0.016309506430300002,0,2,32768000,send_recv,2,8
732,6.792,6.8500000000000005,6.823,6.827,0.02384673283002684,0,2,32899072,send_recv,2,8
733,6.829,6.873,6.848,6.8420000000000005,0.018457157599876303,0,2,33030144,send_recv,2,8
734,6.890000000000001,6.905,6.900000000000001,6.905,0.007071067811865325,0,2,33161216,send_recv,2,8
735,6.877,6.915,6.901666666666666,6.913,0.01746106780494523,0,2,33292288,send_recv,2,8
736,6.88,6.953,6.928,6.9510000000000005,0.03395094500403019,0,2,33423360,send_recv,2,8
737,6.955,6.976,6.966000000000001,6.9670000000000005,0.008602325267042608,0,2,33554432,send_recv,2,8
738,6.976,7.032,6.999,6.989,0.023930454794396795,0,2,33685504,send_recv,2,8
739,7.009,7.035,7.021333333333334,7.0200000000000005,0.010656244908763764,0,2,33816576,send_recv,2,8
740,6.986,7.057,7.021,7.0200000000000005,0.02899425230397709,0,2,33947648,send_recv,2,8
741,7.047,7.073,7.0566666666666675,7.05,0.011614167593456532,0,2,34078720,send_recv,2,8
742,7.067,7.15,7.105666666666667,7.1000000000000005,0.03412070078738457,0,2,34209792,send_recv,2,8
743,7.122,7.125,7.123333333333334,7.123,0.001247219128924668,0,2,34340864,send_recv,2,8
744,7.122,7.188,7.150666666666666,7.142,0.027632509034750154,0,2,34471936,send_recv,2,8
745,7.15,7.189,7.169666666666667,7.17,0.015923427883328126,0,2,34603008,send_recv,2,8
746,7.152,7.192,7.176666666666667,7.186,0.01761312641816385,0,2,34734080,send_recv,2,8
747,7.229,7.247,7.236,7.232,0.007874007874011695,0,2,34865152,send_recv,2,8
748,7.247,7.276,7.257666666666666,7.25,0.013021349989749678,0,2,34996224,send_recv,2,8
749,7.273000000000001,7.315,7.299333333333333,7.3100000000000005,0.018732028424302757,0,2,35127296,send_recv,2,8
750,7.29,7.321,7.307666666666667,7.312,0.013021349989749662,0,2,35258368,send_recv,2,8
751,7.307,7.404,7.355,7.354,0.0396063967897441,0,2,35389440,send_recv,2,8
752,7.332,7.386,7.355666666666667,7.349,0.022543784558547976,0,2,35520512,send_recv,2,8
753,7.377,7.388,7.383,7.384,0.004546060565662037,0,2,35651584,send_recv,2,8
754,7.436,7.46,7.448666666666667,7.45,0.009843215373488952,0,2,35782656,send_recv,2,8
755,7.438,7.476,7.459666666666666,7.465,0.015965240019770833,0,2,35913728,send_recv,2,8
756,7.4190000000000005,7.4990000000000006,7.4703333333333335,7.493,0.03638070306571266,0,2,36044800,send_recv,2,8
757,7.494,7.505,7.501,7.5040000000000004,0.004966554808583948,0,2,36175872,send_recv,2,8
758,7.535,7.561,7.5440000000000005,7.5360000000000005,0.012027745701778976,0,2,36306944,send_recv,2,8
759,7.573,7.583,7.578666666666667,7.58,0.00418993502999207,0,2,36438016,send_recv,2,8
760,7.5440000000000005,7.6160000000000005,7.571333333333333,7.554,0.031846855766656565,0,2,36569088,send_recv,2,8
761,7.559,7.622,7.595666666666666,7.606,0.026737406173540507,0,2,36700160,send_recv,2,8
762,7.618,7.678,7.655666666666668,7.671,0.0267872274704858,0,2,36831232,send_recv,2,8
763,7.639,7.7170000000000005,7.69,7.714,0.03608323710533755,0,2,36962304,send_recv,2,8
764,7.668,7.684,7.6739999999999995,7.67,0.0071180521680209215,0,2,37093376,send_recv,2,8
765,7.708,7.765000000000001,7.727666666666667,7.71,0.026411277052720637,0,2,37224448,send_recv,2,8
766,7.69,7.775,7.7426666666666675,7.763,0.03756180092712384,0,2,37355520,send_recv,2,8
767,7.746,7.782,7.764,7.764,0.0146969384566989,0,2,37486592,send_recv,2,8
768,7.806,7.831,7.815333333333334,7.809,0.011145502331533804,0,2,37617664,send_recv,2,8
769,7.8020000000000005,7.8340000000000005,7.8180000000000005,7.8180000000000005,0.013063945294843629,0,2,37748736,send_recv,2,8
770,7.851,7.881,7.864333333333334,7.861,0.012472191289246601,0,2,37879808,send_recv,2,8
771,7.847,7.931,7.892,7.898000000000001,0.034554305086341865,0,2,38010880,send_recv,2,8
772,7.891,7.953,7.9253333333333345,7.932,0.025746628689770155,0,2,38141952,send_recv,2,8
773,7.882000000000001,7.923,7.909,7.922000000000001,0.019096247449869885,0,2,38273024,send_recv,2,8
774,7.9590000000000005,7.965,7.962666666666667,7.964,0.0026246692913370565,0,2,38404096,send_recv,2,8
775,7.9750000000000005,8.016,7.991,7.982,0.017907168024750873,0,2,38535168,send_recv,2,8
776,8.013,8.078,8.051333333333334,8.063,0.02778888666755505,0,2,38666240,send_recv,2,8
777,8.006,8.06,8.028666666666666,8.02,0.022881336402307557,0,2,38797312,send_recv,2,8
778,8.05,8.088000000000001,8.067666666666668,8.065,0.015627610892974902,0,2,38928384,send_recv,2,8
779,8.106,8.118,8.111333333333333,8.11,0.00498887651569883,0,2,39059456,send_recv,2,8
780,8.072000000000001,8.156,8.114666666666666,8.116,0.034305814214049456,0,2,39190528,send_recv,2,8
781,8.154,8.214,8.175,8.157,0.02760434748368473,0,2,39321600,send_recv,2,8
782,8.192,8.224,8.205666666666668,8.201,0.013474255287605132,0,2,39452672,send_recv,2,8
783,8.187,8.274000000000001,8.217999999999998,8.193,0.03967366884975541,0,2,39583744,send_recv,2,8
784,8.203,8.265,8.229000000000001,8.219,0.026280537792569895,0,2,39714816,send_recv,2,8
785,8.181000000000001,8.283,8.240333333333334,8.257,0.04327688631231264,0,2,39845888,send_recv,2,8
786,8.289,8.334,8.310666666666666,8.309000000000001,0.01840893502864536,0,2,39976960,send_recv,2,8
787,8.213000000000001,8.344,8.275,8.268,0.053709092960751034,0,2,40108032,send_recv,2,8
788,8.335,8.370000000000001,8.347666666666667,8.338000000000001,0.01583947249402234,0,2,40239104,send_recv,2,8
789,8.346,8.389,8.363999999999999,8.357,0.018239152027072363,0,2,40370176,send_recv,2,8
790,8.343,8.426,8.392333333333333,8.408,0.03564952859280032,0,2,40501248,send_recv,2,8
791,8.375,8.412,8.391,8.386000000000001,0.015513435037627052,0,2,40632320,send_recv,2,8
792,8.401,8.506,8.447333333333333,8.435,0.04374420596553979,0,2,40763392,send_recv,2,8
793,8.446,8.521,8.481333333333334,8.477,0.030771559740918483,0,2,40894464,send_recv,2,8
794,8.508000000000001,8.541,8.520333333333333,8.512,0.014704496666741687,0,2,41025536,send_recv,2,8
795,8.507,8.542,8.518666666666666,8.507,0.016499158227686175,0,2,41156608,send_recv,2,8
796,8.551,8.611,8.573,8.557,0.02698147512646427,0,2,41287680,send_recv,2,8
797,8.572000000000001,8.592,8.581333333333333,8.58,0.008219218670625165,0,2,41418752,send_recv,2,8
798,8.589,8.621,8.605000000000002,8.605,0.013063945294843629,0,2,41549824,send_recv,2,8
799,8.620000000000001,8.681000000000001,8.650666666666668,8.651,0.024904261125803767,0,2,41680896,send_recv,2,8
800,8.671,8.718,8.693999999999999,8.693,0.019200694431886472,0,2,41811968,send_recv,2,8
801,8.668000000000001,8.73,8.707333333333333,8.724,0.0279205221218289,0,2,41943040,send_recv,2,8
802,8.694,8.855,8.767333333333333,8.753,0.0665048035023702,0,2,42074112,send_recv,2,8
803,8.685,8.793000000000001,8.743,8.751,0.04445222154178588,0,2,42205184,send_recv,2,8
804,8.700000000000001,8.806000000000001,8.756000000000002,8.762,0.043481796957654126,0,2,42336256,send_recv,2,8
805,8.765,8.802,8.779333333333334,8.771,0.016213848676019924,0,2,42467328,send_recv,2,8
806,8.826,8.899000000000001,8.864,8.867,0.029877527787062246,0,2,42598400,send_recv,2,8
807,8.854000000000001,8.884,8.872,8.878,0.01296148139681539,0,2,42729472,send_recv,2,8
808,8.862,8.870000000000001,8.866999999999999,8.869,0.0035590260840106273,0,2,42860544,send_recv,2,8
809,8.876,8.961,8.907333333333334,8.885,0.038125523675820915,0,2,42991616,send_recv,2,8
810,8.966,9.003,8.988999999999999,8.998,0.016391054470859232,0,2,43122688,send_recv,2,8
811,8.928,8.994,8.955333333333334,8.944,0.02811089152307687,0,2,43253760,send_recv,2,8
812,8.999,9.015,9.005,9.001,0.007118052168021089,0,2,43384832,send_recv,2,8
813,8.991,9.021,9.003666666666668,8.999,0.012684198393627373,0,2,43515904,send_recv,2,8
814,8.966,9.11,9.045333333333334,9.06,0.05969552374806316,0,2,43646976,send_recv,2,8
815,9.071,9.112,9.091000000000001,9.09,0.016753109164172237,0,2,43778048,send_recv,2,8
816,9.119,9.155,9.135333333333334,9.132,0.014884742374510563,0,2,43909120,send_recv,2,8
817,9.087,9.151,9.127333333333333,9.144,0.028662790435607637,0,2,44040192,send_recv,2,8
818,9.131,9.19,9.162999999999998,9.168000000000001,0.024344746182013408,0,2,44171264,send_recv,2,8
819,9.139,9.247,9.201333333333332,9.218,0.04563867755411973,0,2,44302336,send_recv,2,8
820,9.207,9.238,9.218,9.209,0.014165686240583524,0,2,44433408,send_recv,2,8
821,9.215,9.244,9.226333333333335,9.22,0.012657891697364847,0,2,44564480,send_recv,2,8
822,9.253,9.271,9.263,9.265,0.007483314773548166,0,2,44695552,send_recv,2,8
823,9.286,9.312,9.301,9.305,0.01098483803552267,0,2,44826624,send_recv,2,8
824,9.296,9.369,9.323333333333332,9.305,0.03249957264676307,0,2,44957696,send_recv,2,8
825,9.338000000000001,9.391,9.360333333333335,9.352,0.022425184255405194,0,2,45088768,send_recv,2,8
826,9.385,9.433,9.414,9.424,0.020832666655999626,0,2,45219840,send_recv,2,8
827,9.395,9.445,9.426,9.438,0.022105806175452727,0,2,45350912,send_recv,2,8
828,9.394,9.412,9.405333333333333,9.41,0.008055363982396573,0,2,45481984,send_recv,2,8
829,9.472,9.496,9.484333333333334,9.485,0.009809292646375133,0,2,45613056,send_recv,2,8
830,9.469,9.478,9.472999999999999,9.472,0.003741657386774083,0,2,45744128,send_recv,2,8
831,9.507,9.533,9.523666666666665,9.531,0.011813363431113036,0,2,45875200,send_recv,2,8
832,9.463000000000001,9.555,9.514333333333333,9.525,0.03830868772948921,0,2,46006272,send_recv,2,8
833,9.556000000000001,9.633000000000001,9.582666666666666,9.559000000000001,0.035612107803698154,0,2,46137344,send_recv,2,8
834,9.571,9.593,9.582333333333333,9.583,0.008993825042154801,0,2,46268416,send_recv,2,8
835,9.551,9.659,9.611333333333334,9.624,0.04499135719471288,0,2,46399488,send_recv,2,8
836,9.614,9.659,9.636333333333335,9.636000000000001,0.01837268503936086,0,2,46530560,send_recv,2,8
837,9.649000000000001,9.738,9.689666666666668,9.682,0.03673629752105558,0,2,46661632,send_recv,2,8
838,9.645,9.757,9.712333333333333,9.735,0.048451579494951,0,2,46792704,send_recv,2,8
839,9.679,9.756,9.725333333333333,9.741,0.033329999833316554,0,2,46923776,send_recv,2,8
840,9.74,9.787,9.767333333333333,9.775,0.019938795238317788,0,2,47054848,send_recv,2,8
841,9.746,9.782,9.766333333333334,9.771,0.0150628313702599,0,2,47185920,send_recv,2,8
842,9.807,9.845,9.827,9.829,0.015577761927397338,0,2,47316992,send_recv,2,8
843,9.813,9.856,9.841333333333333,9.855,0.020038851153585294,0,2,47448064,send_recv,2,8
844,9.855,9.892,9.869333333333334,9.861,0.016213848676019924,0,2,47579136,send_recv,2,8
845,9.854000000000001,9.923,9.893,9.902000000000001,0.028879058156386982,0,2,47710208,send_recv,2,8
846,9.863,9.968,9.905,9.884,0.04536518488885509,0,2,47841280,send_recv,2,8
847,9.916,9.944,9.934333333333333,9.943,0.012970050972229094,0,2,47972352,send_recv,2,8
848,9.989,10.033,10.007333333333333,10.0,0.018696404883173055,0,2,48103424,send_recv,2,8
849,9.953,10.033,10.001666666666667,10.019,0.034883934538536485,0,2,48234496,send_recv,2,8
850,9.992,10.083,10.051,10.078,0.041769207158702755,0,2,48365568,send_recv,2,8
851,10.028,10.062,10.045666666666667,10.047,0.013912424503139053,0,2,48496640,send_recv,2,8
852,10.040000000000001,10.136000000000001,10.081666666666669,10.069,0.04020226638166344,0,2,48627712,send_recv,2,8
853,10.109,10.141,10.123666666666667,10.121,0.01319932658214887,0,2,48758784,send_recv,2,8
854,10.136000000000001,10.191,10.158000000000001,10.147,0.02376271589416214,0,2,48889856,send_recv,2,8
855,10.158,10.197000000000001,10.179,10.182,0.01606237840420962,0,2,49020928,send_recv,2,8
856,10.181000000000001,10.245000000000001,10.215666666666667,10.221,0.02639865316429774,0,2,49152000,send_recv,2,8
857,10.196,10.252,10.221666666666666,10.217,0.023098821518760908,0,2,49283072,send_recv,2,8
858,10.26,10.297,10.273000000000001,10.262,0.016990193249833117,0,2,49414144,send_recv,2,8
859,10.248,10.285,10.267,10.268,0.015121728296285358,0,2,49545216,send_recv,2,8
860,10.333,10.347,10.339333333333334,10.338000000000001,0.005792715732327241,0,2,49676288,send_recv,2,8
861,10.34,10.342,10.340666666666667,10.34,0.0009428090415823782,0,2,49807360,send_recv,2,8
862,10.307,10.354000000000001,10.329,10.326,0.01930457631409393,0,2,49938432,send_recv,2,8
863,10.312,10.443,10.393333333333333,10.425,0.057978923373546626,0,2,50069504,send_recv,2,8
864,10.452,10.497,10.474333333333334,10.474,0.01837268503936086,0,2,50200576,send_recv,2,8
865,10.423,10.491,10.448333333333332,10.431000000000001,0.030346151137975765,0,2,50331648,send_recv,2,8
866,10.447000000000001,10.565,10.497666666666667,10.481,0.049593906435725574,0,2,50462720,send_recv,2,8
867,10.482000000000001,10.536,10.514666666666669,10.526,0.02345681611434491,0,2,50593792,send_recv,2,8
868,10.498,10.554,10.527,10.529,0.02290560339014636,0,2,50724864,send_recv,2,8
869,10.558,10.571,10.562333333333333,10.558,0.006128258770283365,0,2,50855936,send_recv,2,8
870,10.596,10.637,10.610999999999999,10.6,0.01845715759987643,0,2,50987008,send_recv,2,8
871,10.59,10.646,10.626,10.642,0.025508168626278818,0,2,51118080,send_recv,2,8
872,10.586,10.598,10.593000000000002,10.595,0.005099019513592978,0,2,51249152,send_recv,2,8
873,10.676,10.698,10.684,10.678,0.009933109617167538,0,2,51380224,send_recv,2,8
874,10.685,10.724,10.700333333333333,10.692,0.016977108770995706,0,2,51511296,send_recv,2,8
875,10.707,10.779,10.741666666666667,10.739,0.029454296045832346,0,2,51642368,send_recv,2,8
876,10.719,10.764,10.742333333333335,10.744,0.018408935028645417,0,2,51773440,send_recv,2,8
877,10.733,10.817,10.770000000000001,10.76,0.0350142828000231,0,2,51904512,send_recv,2,8
878,10.779,10.838000000000001,10.799666666666667,10.782,0.0271334152332921,0,2,52035584,send_recv,2,8
879,10.748000000000001,10.870000000000001,10.826,10.86,0.055305213738549325,0,2,52166656,send_recv,2,8
880,10.858,10.868,10.862666666666668,10.862,0.0041096093353125826,0,2,52297728,send_recv,2,8
881,10.828,10.936,10.883000000000001,10.885,0.044113490000225776,0,2,52428800,send_recv,2,8
882,10.874,10.942,10.903,10.893,0.028647280266487007,0,2,52559872,send_recv,2,8
883,10.933,11.003,10.961,10.947000000000001,0.030243456592569974,0,2,52690944,send_recv,2,8
884,10.923,10.987,10.953000000000001,10.949,0.0262805377925694,0,2,52822016,send_recv,2,8
885,10.975,10.983,10.978666666666667,10.978,0.003299831645537606,0,2,52953088,send_recv,2,8
886,10.974,11.059000000000001,11.030333333333333,11.058,0.03983577398380629,0,2,53084160,send_recv,2,8
887,10.994,11.019,11.009,11.014,0.010801234497346478,0,2,53215232,send_recv,2,8
888,11.071,11.114,11.097,11.106,0.01867261809888156,0,2,53346304,send_recv,2,8
889,11.117,11.156,11.130666666666668,11.119,0.01793197020841712,0,2,53477376,send_recv,2,8
890,11.092,11.136000000000001,11.115666666666668,11.119,0.018116904322268392,0,2,53608448,send_recv,2,8
891,11.164,11.196,11.184,11.192,0.014236104336041845,0,2,53739520,send_recv,2,8
892,11.163,11.205,11.185333333333334,11.188,0.017249798710580765,0,2,53870592,send_recv,2,8
893,11.223,11.249,11.234,11.23,0.01098483803552267,0,2,54001664,send_recv,2,8
894,11.202,11.224,11.216333333333333,11.223,0.010143416036468862,0,2,54132736,send_recv,2,8
895,11.245000000000001,11.298,11.274000000000001,11.279,0.021924111536540034,0,2,54263808,send_recv,2,8
896,11.28,11.326,11.303666666666667,11.305,0.018803073034894403,0,2,54394880,send_recv,2,8
897,11.3,11.356,11.320666666666668,11.306000000000001,0.02510422717834987,0,2,54525952,send_recv,2,8
898,11.326,11.396,11.35,11.328,0.032537158245100194,0,2,54657024,send_recv,2,8
899,11.341000000000001,11.445,11.380333333333335,11.355,0.04608205242342763,0,2,54788096,send_recv,2,8
900,11.345,11.434000000000001,11.403,11.43,0.04104469108991635,0,2,54919168,send_recv,2,8
901,11.38,11.419,11.399000000000001,11.398,0.015937377450509126,0,2,55050240,send_recv,2,8
902,11.389000000000001,11.539,11.463333333333333,11.462,0.061244500886927136,0,2,55181312,send_recv,2,8
903,11.491,11.525,11.503,11.493,0.015577761927397415,0,2,55312384,send_recv,2,8
904,11.472,11.546,11.506333333333332,11.501,0.030444849956747774,0,2,55443456,send_recv,2,8
905,11.526,11.603,11.560666666666668,11.553,0.031899146627387215,0,2,55574528,send_recv,2,8
906,11.514000000000001,11.619,11.575333333333333,11.593,0.044649250335873525,0,2,55705600,send_recv,2,8
907,11.594,11.637,11.619333333333335,11.627,0.0183726850393614,0,2,55836672,send_recv,2,8
908,11.566,11.658,11.610999999999999,11.609,0.03758545818087933,0,2,55967744,send_recv,2,8
909,11.661,11.716000000000001,11.694666666666668,11.707,0.02408780235352019,0,2,56098816,send_recv,2,8
910,11.653,11.722,11.681666666666667,11.67,0.029352266617001393,0,2,56229888,send_recv,2,8
911,11.678,11.707,11.688333333333333,11.68,0.013224556283251775,0,2,56360960,send_recv,2,8
912,11.69,11.818,11.770666666666665,11.804,0.057325580871215275,0,2,56492032,send_recv,2,8
913,11.643,11.785,11.733333333333334,11.772,0.06409541498595818,0,2,56623104,send_recv,2,8
914,11.691,11.856,11.780666666666667,11.795,0.06811917661145186,0,2,56754176,send_recv,2,8
915,11.83,11.85,11.837666666666665,11.833,0.008806563209081719,0,2,56885248,send_recv,2,8
916,11.835,11.846,11.839333333333334,11.837,0.004784233364802265,0,2,57016320,send_recv,2,8
917,11.81,11.899000000000001,11.854666666666667,11.855,0.036334862353148305,0,2,57147392,send_recv,2,8
918,11.869,11.925,11.888,11.870000000000001,0.026166135875720645,0,2,57278464,send_recv,2,8
919,11.844,11.93,11.899333333333333,11.924,0.03920317447463784,0,2,57409536,send_recv,2,8
920,11.903,11.929,11.918,11.922,0.01098483803552267,0,2,57540608,send_recv,2,8
921,11.973,12.040000000000001,12.001333333333333,11.991,0.028311756490114977,0,2,57671680,send_recv,2,8
922,11.943,12.005,11.983333333333334,12.002,0.028546258754676045,0,2,57802752,send_recv,2,8
923,12.040000000000001,12.073,12.054333333333334,12.05,0.013816254517374922,0,2,57933824,send_recv,2,8
924,12.033,12.111,12.064333333333332,12.049,0.03363860216411484,0,2,58064896,send_recv,2,8
925,12.062,12.102,12.079666666666666,12.075000000000001,0.01665999866613332,0,2,58195968,send_recv,2,8
926,12.055,12.214,12.117666666666667,12.084,0.06913915115346926,0,2,58327040,send_recv,2,8
927,12.065,12.168000000000001,12.116,12.115,0.042055518860985644,0,2,58458112,send_recv,2,8
928,12.07,12.17,12.136000000000001,12.168000000000001,0.046676189504571544,0,2,58589184,send_recv,2,8
929,12.187,12.218,12.201666666666668,12.200000000000001,0.012710450643291923,0,2,58720256,send_recv,2,8
930,12.191,12.252,12.224666666666666,12.231,0.02530261295246437,0,2,58851328,send_recv,2,8
931,12.225,12.298,12.259666666666668,12.256,0.029914693528246245,0,2,58982400,send_recv,2,8
932,12.287,12.318,12.302333333333332,12.302,0.012657891697364535,0,2,59113472,send_recv,2,8
933,12.271,12.306000000000001,12.284,12.275,0.015641824275533574,0,2,59244544,send_recv,2,8
934,12.290000000000001,12.356,12.325000000000001,12.329,0.027092434368287715,0,2,59375616,send_recv,2,8
935,12.284,12.367,12.333,12.348,0.03550586805961335,0,2,59506688,send_recv,2,8
936,12.346,12.447000000000001,12.386333333333333,12.366,0.04366793891276447,0,2,59637760,send_recv,2,8
937,12.398,12.513,12.449666666666667,12.438,0.04766783215358366,0,2,59768832,send_recv,2,8
938,12.409,12.444,12.428000000000003,12.431000000000001,0.014445299120013702,0,2,59899904,send_recv,2,8
939,12.474,12.511000000000001,12.491666666666667,12.49,0.015151090903151691,0,2,60030976,send_recv,2,8
940,12.471,12.546,12.516,12.531,0.03240370349203916,0,2,60162048,send_recv,2,8
941,12.457,12.565,12.503333333333332,12.488,0.045404356129731836,0,2,60293120,send_recv,2,8
942,12.534,12.545,12.540333333333335,12.542,0.004642796092394343,0,2,60424192,send_recv,2,8
943,12.545,12.59,12.561666666666667,12.55,0.02013840995599077,0,2,60555264,send_recv,2,8
944,12.523,12.57,12.553333333333333,12.567,0.021483844059096282,0,2,60686336,send_recv,2,8
945,12.562,12.691,12.638333333333334,12.662,0.055258986197320205,0,2,60817408,send_recv,2,8
946,12.646,12.707,12.682,12.693,0.026089589239132478,0,2,60948480,send_recv,2,8
947,12.625,12.71,12.654666666666666,12.629,0.03916063783387082,0,2,61079552,send_recv,2,8
948,12.669,12.797,12.730333333333334,12.725,0.05239168721170275,0,2,61210624,send_recv,2,8
949,12.719,12.758000000000001,12.741666666666667,12.748000000000001,0.016539514973407738,0,2,61341696,send_recv,2,8
950,12.771,12.806000000000001,12.786333333333333,12.782,0.014613540144522121,0,2,61472768,send_recv,2,8
951,12.749,12.781,12.761000000000001,12.753,0.014236104336041845,0,2,61603840,send_recv,2,8
952,12.814,12.852,12.835666666666668,12.841000000000001,0.01596524001977093,0,2,61734912,send_recv,2,8
953,12.77,12.872,12.837333333333333,12.870000000000001,0.04761885714247659,0,2,61865984,send_recv,2,8
954,12.862,12.917,12.886666666666665,12.881,0.022808380526074534,0,2,61997056,send_recv,2,8
955,12.853,12.911,12.886000000000001,12.894,0.024344746182013603,0,2,62128128,send_recv,2,8
956,12.845,12.941,12.893666666666666,12.895,0.039203174474637774,0,2,62259200,send_recv,2,8
957,12.94,13.011000000000001,12.974666666666666,12.973,0.029009576962713376,0,2,62390272,send_recv,2,8
958,12.937,12.967,12.953000000000001,12.955,0.01232882800593842,0,2,62521344,send_recv,2,8
959,12.902000000000001,13.015,12.960333333333333,12.964,0.046204857849460705,0,2,62652416,send_recv,2,8
960,12.986,13.073,13.028666666666666,13.027000000000001,0.035537148012873526,0,2,62783488,send_recv,2,8
961,13.07,13.075000000000001,13.071666666666667,13.07,0.002357022603955527,0,2,62914560,send_recv,2,8
962,13.033,13.154,13.088,13.077,0.05000666622228163,0,2,63045632,send_recv,2,8
963,13.119,13.158,13.133000000000001,13.122,0.017720045146669187,0,2,63176704,send_recv,2,8
964,13.136000000000001,13.164,13.153333333333334,13.16,0.012364824660660407,0,2,63307776,send_recv,2,8
965,13.142,13.203,13.165333333333331,13.151,0.02688659310676762,0,2,63438848,send_recv,2,8
966,13.158,13.266,13.218333333333334,13.231,0.04499135719471288,0,2,63569920,send_recv,2,8
967,13.194,13.308,13.258000000000001,13.272,0.04758150901348086,0,2,63700992,send_recv,2,8
968,13.216000000000001,13.313,13.278666666666668,13.307,0.04437967502760167,0,2,63832064,send_recv,2,8
969,13.274000000000001,13.319,13.294000000000002,13.289,0.018708286933869785,0,2,63963136,send_recv,2,8
970,13.268,13.317,13.291333333333334,13.289,0.02007209228976595,0,2,64094208,send_recv,2,8
971,13.229000000000001,13.343,13.300666666666666,13.33,0.05095313751107164,0,2,64225280,send_recv,2,8
972,13.357000000000001,13.387,13.375333333333332,13.382,0.013123346456685921,0,2,64356352,send_recv,2,8
973,13.369,13.426,13.391333333333334,13.379,0.024850665092821283,0,2,64487424,send_recv,2,8
974,13.333,13.467,13.405000000000001,13.415000000000001,0.05516037224916712,0,2,64618496,send_recv,2,8
975,13.367,13.469,13.420666666666667,13.426,0.04181174741890337,0,2,64749568,send_recv,2,8
976,13.484,13.52,13.499,13.493,0.015297058540778122,0,2,64880640,send_recv,2,8
977,13.424,13.566,13.490333333333334,13.481,0.058345712972096606,0,2,65011712,send_recv,2,8
978,13.499,13.576,13.549666666666667,13.574,0.03583604640891919,0,2,65142784,send_recv,2,8
979,13.513,13.581,13.539666666666667,13.525,0.02963481436119024,0,2,65273856,send_recv,2,8
980,13.584,13.595,13.587666666666669,13.584,0.0051854497287018245,0,2,65404928,send_recv,2,8
981,13.506,13.632,13.571,13.575000000000001,0.05151698748956483,0,2,65536000,send_recv,2,8
982,13.59,13.621,13.604333333333335,13.602,0.012762793146051324,0,2,65667072,send_recv,2,8
983,13.6,13.631,13.616999999999999,13.620000000000001,0.012832251036613755,0,2,65798144,send_recv,2,8
984,13.689,13.733,13.709999999999999,13.708,0.01801850900231964,0,2,65929216,send_recv,2,8
985,13.657,13.756,13.721333333333334,13.751,0.04553631029799789,0,2,66060288,send_recv,2,8
986,13.721,13.774000000000001,13.754,13.767,0.023508863576674057,0,2,66191360,send_recv,2,8
987,13.71,13.77,13.741666666666667,13.745000000000001,0.02460803843372185,0,2,66322432,send_recv,2,8
988,13.665000000000001,13.838000000000001,13.755333333333333,13.763,0.07083470586905513,0,2,66453504,send_recv,2,8
989,13.814,13.866,13.846666666666666,13.86,0.023228335186912235,0,2,66584576,send_recv,2,8
990,13.871,13.899000000000001,13.881,13.873000000000001,0.012754084313139409,0,2,66715648,send_recv,2,8
991,13.837,13.879,13.855666666666666,13.851,0.017461067804944875,0,2,66846720,send_recv,2,8
992,13.89,13.983,13.931,13.92,0.03875564475015225,0,2,66977792,send_recv,2,8
993,13.957,14.007,13.975,13.961,0.022686266036230997,0,2,67108864,send_recv,2,8
